0 verbose cli /usr/local/bin/node /usr/local/bin/npm
1 info using npm@11.6.2
2 info using node@v24.13.0
3 silly config load:file:/usr/local/lib/node_modules/npm/npmrc
4 silly config load:file:/Users/daribay1337icloud.com/legendary-dollop/ai_orchestrator/whatsapp/.npmrc
5 silly config load:file:/Users/daribay1337icloud.com/.npmrc
6 silly config load:file:/usr/local/etc/npmrc
7 verbose title npm install
8 verbose argv "install" "--cache" ".npm-cache"
9 verbose logfile logs-max:10 dir:/Users/daribay1337icloud.com/legendary-dollop/ai_orchestrator/whatsapp/.npm-cache/_logs/2026-04-17T23_37_17_218Z-
10 verbose logfile /Users/daribay1337icloud.com/legendary-dollop/ai_orchestrator/whatsapp/.npm-cache/_logs/2026-04-17T23_37_17_218Z-debug-0.log
11 silly logfile done cleaning log files
12 silly packumentCache heap:4496293888 maxSize:1124073472 maxEntrySize:562036736
13 silly idealTree buildDeps
14 silly fetch manifest axios@^1.6.8
15 silly packumentCache full:https://registry.npmjs.org/axios cache-miss
16 http fetch GET 200 https://registry.npmjs.org/axios 88ms (cache miss)
17 silly packumentCache full:https://registry.npmjs.org/axios set size:undefined disposed:false
18 silly fetch manifest qrcode-terminal@^0.12.0
19 silly packumentCache full:https://registry.npmjs.org/qrcode-terminal cache-miss
20 http fetch GET 200 https://registry.npmjs.org/npm 164ms
21 http fetch GET 200 https://registry.npmjs.org/qrcode-terminal 57ms (cache miss)
22 silly packumentCache full:https://registry.npmjs.org/qrcode-terminal set size:undefined disposed:false
23 silly fetch manifest whatsapp-web.js@^1.23.0
24 silly packumentCache full:https://registry.npmjs.org/whatsapp-web.js cache-miss
25 http fetch GET 200 https://registry.npmjs.org/whatsapp-web.js 45ms (cache miss)
26 silly packumentCache full:https://registry.npmjs.org/whatsapp-web.js set size:undefined disposed:false
27 silly placeDep ROOT axios@1.15.0 OK for: ai-whatsapp-bridge@1.0.0 want: ^1.6.8
28 silly placeDep ROOT qrcode-terminal@0.12.0 OK for: ai-whatsapp-bridge@1.0.0 want: ^0.12.0
29 silly placeDep ROOT whatsapp-web.js@1.34.6 OK for: ai-whatsapp-bridge@1.0.0 want: ^1.23.0
30 silly fetch manifest form-data@^4.0.5
31 silly packumentCache full:https://registry.npmjs.org/form-data cache-miss
32 silly fetch manifest proxy-from-env@^2.1.0
33 silly packumentCache full:https://registry.npmjs.org/proxy-from-env cache-miss
34 silly fetch manifest follow-redirects@^1.15.11
35 silly packumentCache full:https://registry.npmjs.org/follow-redirects cache-miss
36 silly fetch manifest mime@^3.0.0
37 silly packumentCache full:https://registry.npmjs.org/mime cache-miss
38 silly fetch manifest puppeteer@^24.31.0
39 silly packumentCache full:https://registry.npmjs.org/puppeteer cache-miss
40 silly fetch manifest node-fetch@^2.6.9
41 silly packumentCache full:https://registry.npmjs.org/node-fetch cache-miss
42 silly fetch manifest node-webpmux@3.1.7
43 silly packumentCache full:https://registry.npmjs.org/node-webpmux cache-miss
44 silly fetch manifest fluent-ffmpeg@2.1.3
45 silly packumentCache full:https://registry.npmjs.org/fluent-ffmpeg cache-miss
46 silly fetch manifest @pedroslopez/moduleraid@^5.0.2
47 silly packumentCache full:https://registry.npmjs.org/@pedroslopez%2fmoduleraid cache-miss
48 http fetch GET 200 https://registry.npmjs.org/form-data 117ms (cache miss)
49 silly packumentCache full:https://registry.npmjs.org/form-data set size:undefined disposed:false
50 silly fetch manifest archiver@^5.3.1
51 silly packumentCache full:https://registry.npmjs.org/archiver cache-miss
52 http fetch GET 200 https://registry.npmjs.org/follow-redirects 175ms (cache miss)
53 silly packumentCache full:https://registry.npmjs.org/follow-redirects set size:undefined disposed:false
54 silly fetch manifest fs-extra@^10.1.0
55 silly packumentCache full:https://registry.npmjs.org/fs-extra cache-miss
56 http fetch GET 200 https://registry.npmjs.org/mime 179ms (cache miss)
57 silly packumentCache full:https://registry.npmjs.org/mime set size:undefined disposed:false
58 silly fetch manifest unzipper@^0.10.11
59 silly packumentCache full:https://registry.npmjs.org/unzipper cache-miss
60 http fetch GET 200 https://registry.npmjs.org/fluent-ffmpeg 184ms (cache miss)
61 silly packumentCache full:https://registry.npmjs.org/fluent-ffmpeg set size:undefined disposed:false
62 http fetch GET 200 https://registry.npmjs.org/node-fetch 202ms (cache miss)
63 silly packumentCache full:https://registry.npmjs.org/node-fetch set size:undefined disposed:false
64 http fetch GET 200 https://registry.npmjs.org/fs-extra 43ms (cache miss)
65 silly packumentCache full:https://registry.npmjs.org/fs-extra set size:undefined disposed:false
66 http fetch GET 200 https://registry.npmjs.org/unzipper 47ms (cache miss)
67 silly packumentCache full:https://registry.npmjs.org/unzipper set size:undefined disposed:false
68 http fetch GET 200 https://registry.npmjs.org/proxy-from-env 250ms (cache miss)
69 silly packumentCache full:https://registry.npmjs.org/proxy-from-env set size:undefined disposed:false
70 http fetch GET 200 https://registry.npmjs.org/@pedroslopez%2fmoduleraid 276ms (cache miss)
71 silly packumentCache full:https://registry.npmjs.org/@pedroslopez%2fmoduleraid set size:undefined disposed:false
72 http fetch GET 200 https://registry.npmjs.org/archiver 254ms (cache miss)
73 silly packumentCache full:https://registry.npmjs.org/archiver set size:undefined disposed:false
74 http fetch GET 200 https://registry.npmjs.org/node-webpmux 379ms (cache miss)
75 silly packumentCache full:https://registry.npmjs.org/node-webpmux set size:undefined disposed:false
76 http fetch GET 200 https://registry.npmjs.org/puppeteer 509ms (cache miss)
77 silly packumentCache full:https://registry.npmjs.org/puppeteer set size:undefined disposed:false
78 silly placeDep ROOT follow-redirects@1.16.0 OK for: axios@1.15.0 want: ^1.15.11
79 silly placeDep ROOT form-data@4.0.5 OK for: axios@1.15.0 want: ^4.0.5
80 silly placeDep ROOT proxy-from-env@2.1.0 OK for: axios@1.15.0 want: ^2.1.0
81 silly fetch manifest asynckit@^0.4.0
82 silly packumentCache full:https://registry.npmjs.org/asynckit cache-miss
83 silly fetch manifest combined-stream@^1.0.8
84 silly packumentCache full:https://registry.npmjs.org/combined-stream cache-miss
85 silly fetch manifest es-set-tostringtag@^2.1.0
86 silly packumentCache full:https://registry.npmjs.org/es-set-tostringtag cache-miss
87 silly fetch manifest hasown@^2.0.2
88 silly packumentCache full:https://registry.npmjs.org/hasown cache-miss
89 silly fetch manifest mime-types@^2.1.12
90 silly packumentCache full:https://registry.npmjs.org/mime-types cache-miss
91 http fetch GET 200 https://registry.npmjs.org/hasown 118ms (cache miss)
92 silly packumentCache full:https://registry.npmjs.org/hasown set size:undefined disposed:false
93 http fetch GET 200 https://registry.npmjs.org/combined-stream 119ms (cache miss)
94 silly packumentCache full:https://registry.npmjs.org/combined-stream set size:undefined disposed:false
95 http fetch GET 200 https://registry.npmjs.org/asynckit 121ms (cache miss)
96 silly packumentCache full:https://registry.npmjs.org/asynckit set size:undefined disposed:false
97 http fetch GET 200 https://registry.npmjs.org/mime-types 123ms (cache miss)
98 silly packumentCache full:https://registry.npmjs.org/mime-types set size:undefined disposed:false
99 http fetch GET 200 https://registry.npmjs.org/es-set-tostringtag 307ms (cache miss)
100 silly packumentCache full:https://registry.npmjs.org/es-set-tostringtag set size:undefined disposed:false
101 silly placeDep ROOT asynckit@0.4.0 OK for: form-data@4.0.5 want: ^0.4.0
102 silly placeDep ROOT combined-stream@1.0.8 OK for: form-data@4.0.5 want: ^1.0.8
103 silly placeDep ROOT es-set-tostringtag@2.1.0 OK for: form-data@4.0.5 want: ^2.1.0
104 silly placeDep ROOT hasown@2.0.3 OK for: form-data@4.0.5 want: ^2.0.2
105 silly placeDep ROOT mime-types@2.1.35 OK for: form-data@4.0.5 want: ^2.1.12
106 silly fetch manifest delayed-stream@~1.0.0
107 silly packumentCache full:https://registry.npmjs.org/delayed-stream cache-miss
108 silly fetch manifest es-errors@^1.3.0
109 silly packumentCache full:https://registry.npmjs.org/es-errors cache-miss
110 silly fetch manifest get-intrinsic@^1.2.6
111 silly packumentCache full:https://registry.npmjs.org/get-intrinsic cache-miss
112 silly fetch manifest has-tostringtag@^1.0.2
113 silly packumentCache full:https://registry.npmjs.org/has-tostringtag cache-miss
114 silly fetch manifest function-bind@^1.1.2
115 silly packumentCache full:https://registry.npmjs.org/function-bind cache-miss
116 silly fetch manifest mime-db@1.52.0
117 silly packumentCache full:https://registry.npmjs.org/mime-db cache-miss
118 http fetch GET 200 https://registry.npmjs.org/has-tostringtag 41ms (cache miss)
119 silly packumentCache full:https://registry.npmjs.org/has-tostringtag set size:undefined disposed:false
120 http fetch GET 200 https://registry.npmjs.org/delayed-stream 43ms (cache miss)
121 silly packumentCache full:https://registry.npmjs.org/delayed-stream set size:undefined disposed:false
122 http fetch GET 200 https://registry.npmjs.org/es-errors 42ms (cache miss)
123 silly packumentCache full:https://registry.npmjs.org/es-errors set size:undefined disposed:false
124 http fetch GET 200 https://registry.npmjs.org/function-bind 43ms (cache miss)
125 silly packumentCache full:https://registry.npmjs.org/function-bind set size:undefined disposed:false
126 http fetch GET 200 https://registry.npmjs.org/mime-db 43ms (cache miss)
127 silly packumentCache full:https://registry.npmjs.org/mime-db set size:undefined disposed:false
128 http fetch GET 200 https://registry.npmjs.org/get-intrinsic 316ms (cache miss)
129 silly packumentCache full:https://registry.npmjs.org/get-intrinsic set size:undefined disposed:false
130 silly placeDep ROOT delayed-stream@1.0.0 OK for: combined-stream@1.0.8 want: ~1.0.0
131 silly placeDep ROOT es-errors@1.3.0 OK for: es-set-tostringtag@2.1.0 want: ^1.3.0
132 silly placeDep ROOT get-intrinsic@1.3.0 OK for: es-set-tostringtag@2.1.0 want: ^1.2.6
133 silly placeDep ROOT has-tostringtag@1.0.2 OK for: es-set-tostringtag@2.1.0 want: ^1.0.2
134 silly fetch manifest gopd@^1.2.0
135 silly packumentCache full:https://registry.npmjs.org/gopd cache-miss
136 silly fetch manifest get-proto@^1.0.1
137 silly packumentCache full:https://registry.npmjs.org/get-proto cache-miss
138 silly fetch manifest has-symbols@^1.1.0
139 silly packumentCache full:https://registry.npmjs.org/has-symbols cache-miss
140 silly fetch manifest es-object-atoms@^1.1.1
141 silly packumentCache full:https://registry.npmjs.org/es-object-atoms cache-miss
142 silly fetch manifest math-intrinsics@^1.1.0
143 silly packumentCache full:https://registry.npmjs.org/math-intrinsics cache-miss
144 silly fetch manifest es-define-property@^1.0.1
145 silly packumentCache full:https://registry.npmjs.org/es-define-property cache-miss
146 silly fetch manifest call-bind-apply-helpers@^1.0.2
147 silly packumentCache full:https://registry.npmjs.org/call-bind-apply-helpers cache-miss
148 silly fetch manifest has-symbols@^1.0.3
149 silly packumentCache full:https://registry.npmjs.org/has-symbols cache-miss
150 http fetch GET 200 https://registry.npmjs.org/get-proto 43ms (cache miss)
151 silly packumentCache full:https://registry.npmjs.org/get-proto set size:undefined disposed:false
152 http fetch GET 200 https://registry.npmjs.org/es-define-property 43ms (cache miss)
153 silly packumentCache full:https://registry.npmjs.org/es-define-property set size:undefined disposed:false
154 http fetch GET 200 https://registry.npmjs.org/es-object-atoms 44ms (cache miss)
155 silly packumentCache full:https://registry.npmjs.org/es-object-atoms set size:undefined disposed:false
156 http fetch GET 200 https://registry.npmjs.org/call-bind-apply-helpers 45ms (cache miss)
157 silly packumentCache full:https://registry.npmjs.org/call-bind-apply-helpers set size:undefined disposed:false
158 http fetch GET 200 https://registry.npmjs.org/has-symbols 46ms (cache miss)
159 silly packumentCache full:https://registry.npmjs.org/has-symbols set size:undefined disposed:false
160 http fetch GET 200 https://registry.npmjs.org/has-symbols 46ms (cache miss)
161 silly packumentCache full:https://registry.npmjs.org/has-symbols set size:undefined disposed:false
162 http fetch GET 200 https://registry.npmjs.org/math-intrinsics 255ms (cache miss)
163 silly packumentCache full:https://registry.npmjs.org/math-intrinsics set size:undefined disposed:false
164 http fetch GET 200 https://registry.npmjs.org/gopd 257ms (cache miss)
165 silly packumentCache full:https://registry.npmjs.org/gopd set size:undefined disposed:false
166 silly placeDep ROOT call-bind-apply-helpers@1.0.2 OK for: get-intrinsic@1.3.0 want: ^1.0.2
167 silly placeDep ROOT es-define-property@1.0.1 OK for: get-intrinsic@1.3.0 want: ^1.0.1
168 silly placeDep ROOT es-object-atoms@1.1.1 OK for: get-intrinsic@1.3.0 want: ^1.1.1
169 silly placeDep ROOT function-bind@1.1.2 OK for: get-intrinsic@1.3.0 want: ^1.1.2
170 silly placeDep ROOT get-proto@1.0.1 OK for: get-intrinsic@1.3.0 want: ^1.0.1
171 silly placeDep ROOT gopd@1.2.0 OK for: get-intrinsic@1.3.0 want: ^1.2.0
172 silly placeDep ROOT has-symbols@1.1.0 OK for: get-intrinsic@1.3.0 want: ^1.1.0
173 silly placeDep ROOT math-intrinsics@1.1.0 OK for: get-intrinsic@1.3.0 want: ^1.1.0
174 silly fetch manifest dunder-proto@^1.0.1
175 silly packumentCache full:https://registry.npmjs.org/dunder-proto cache-miss
176 http fetch GET 200 https://registry.npmjs.org/dunder-proto 32ms (cache miss)
177 silly packumentCache full:https://registry.npmjs.org/dunder-proto set size:undefined disposed:false
178 silly placeDep ROOT dunder-proto@1.0.1 OK for: get-proto@1.0.1 want: ^1.0.1
179 silly placeDep ROOT mime-db@1.52.0 OK for: mime-types@2.1.35 want: 1.52.0
180 silly fetch manifest encoding@^0.1.0
181 silly packumentCache full:https://registry.npmjs.org/encoding cache-miss
182 http fetch GET 200 https://registry.npmjs.org/encoding 233ms (cache miss)
183 silly packumentCache full:https://registry.npmjs.org/encoding set size:undefined disposed:false
184 silly placeDep ROOT @pedroslopez/moduleraid@5.0.2 OK for: whatsapp-web.js@1.34.6 want: ^5.0.2
185 silly placeDep ROOT archiver@5.3.2 OK for: whatsapp-web.js@1.34.6 want: ^5.3.1
186 silly placeDep ROOT fluent-ffmpeg@2.1.3 OK for: whatsapp-web.js@1.34.6 want: 2.1.3
187 silly placeDep ROOT fs-extra@10.1.0 OK for: whatsapp-web.js@1.34.6 want: ^10.1.0
188 silly placeDep ROOT mime@3.0.0 OK for: whatsapp-web.js@1.34.6 want: ^3.0.0
189 silly placeDep ROOT node-fetch@2.7.0 OK for: whatsapp-web.js@1.34.6 want: ^2.6.9
190 silly placeDep ROOT node-webpmux@3.1.7 OK for: whatsapp-web.js@1.34.6 want: 3.1.7
191 silly placeDep ROOT puppeteer@24.41.0 OK for: whatsapp-web.js@1.34.6 want: ^24.31.0
192 silly placeDep ROOT unzipper@0.10.14 OK for: whatsapp-web.js@1.34.6 want: ^0.10.11
193 silly fetch manifest archiver-utils@^2.1.0
194 silly packumentCache full:https://registry.npmjs.org/archiver-utils cache-miss
195 silly fetch manifest async@^3.2.4
196 silly packumentCache full:https://registry.npmjs.org/async cache-miss
197 silly fetch manifest buffer-crc32@^0.2.1
198 silly packumentCache full:https://registry.npmjs.org/buffer-crc32 cache-miss
199 silly fetch manifest readable-stream@^3.6.0
200 silly packumentCache full:https://registry.npmjs.org/readable-stream cache-miss
201 silly fetch manifest readdir-glob@^1.1.2
202 silly packumentCache full:https://registry.npmjs.org/readdir-glob cache-miss
203 silly fetch manifest tar-stream@^2.2.0
204 silly packumentCache full:https://registry.npmjs.org/tar-stream cache-miss
205 silly fetch manifest zip-stream@^4.1.0
206 silly packumentCache full:https://registry.npmjs.org/zip-stream cache-miss
207 silly fetch manifest async@^0.2.9
208 silly packumentCache full:https://registry.npmjs.org/async cache-miss
209 silly fetch manifest which@^1.1.1
210 silly packumentCache full:https://registry.npmjs.org/which cache-miss
211 http fetch GET 200 https://registry.npmjs.org/archiver-utils 30ms (cache miss)
212 silly packumentCache full:https://registry.npmjs.org/archiver-utils set size:undefined disposed:false
213 silly fetch manifest jsonfile@^6.0.1
214 silly packumentCache full:https://registry.npmjs.org/jsonfile cache-miss
215 http fetch GET 200 https://registry.npmjs.org/which 39ms (cache miss)
216 silly packumentCache full:https://registry.npmjs.org/which set size:undefined disposed:false
217 silly fetch manifest graceful-fs@^4.2.0
218 silly packumentCache full:https://registry.npmjs.org/graceful-fs cache-miss
219 http fetch GET 200 https://registry.npmjs.org/readdir-glob 40ms (cache miss)
220 silly packumentCache full:https://registry.npmjs.org/readdir-glob set size:undefined disposed:false
221 silly fetch manifest universalify@^2.0.0
222 silly packumentCache full:https://registry.npmjs.org/universalify cache-miss
223 http fetch GET 200 https://registry.npmjs.org/buffer-crc32 43ms (cache miss)
224 silly packumentCache full:https://registry.npmjs.org/buffer-crc32 set size:undefined disposed:false
225 silly fetch manifest whatwg-url@^5.0.0
226 silly packumentCache full:https://registry.npmjs.org/whatwg-url cache-miss
227 http fetch GET 200 https://registry.npmjs.org/zip-stream 44ms (cache miss)
228 silly packumentCache full:https://registry.npmjs.org/zip-stream set size:undefined disposed:false
229 silly fetch manifest @puppeteer/browsers@2.13.0
230 silly packumentCache full:https://registry.npmjs.org/@puppeteer%2fbrowsers cache-miss
231 http fetch GET 200 https://registry.npmjs.org/async 56ms (cache miss)
232 silly packumentCache full:https://registry.npmjs.org/async set size:undefined disposed:false
233 silly fetch manifest chromium-bidi@14.0.0
234 silly packumentCache full:https://registry.npmjs.org/chromium-bidi cache-miss
235 http fetch GET 200 https://registry.npmjs.org/readable-stream 59ms (cache miss)
236 silly packumentCache full:https://registry.npmjs.org/readable-stream set size:undefined disposed:false
237 silly fetch manifest cosmiconfig@^9.0.0
238 silly packumentCache full:https://registry.npmjs.org/cosmiconfig cache-miss
239 http fetch GET 200 https://registry.npmjs.org/async 62ms (cache miss)
240 silly packumentCache full:https://registry.npmjs.org/async set size:undefined disposed:false
241 silly fetch manifest devtools-protocol@0.0.1595872
242 silly packumentCache full:https://registry.npmjs.org/devtools-protocol cache-miss
243 http fetch GET 200 https://registry.npmjs.org/jsonfile 35ms (cache miss)
244 silly packumentCache full:https://registry.npmjs.org/jsonfile set size:undefined disposed:false
245 silly fetch manifest puppeteer-core@24.41.0
246 silly packumentCache full:https://registry.npmjs.org/puppeteer-core cache-miss
247 http fetch GET 200 https://registry.npmjs.org/universalify 40ms (cache miss)
248 silly packumentCache full:https://registry.npmjs.org/universalify set size:undefined disposed:false
249 silly fetch manifest typed-query-selector@^2.12.1
250 silly packumentCache full:https://registry.npmjs.org/typed-query-selector cache-miss
251 http fetch GET 200 https://registry.npmjs.org/whatwg-url 41ms (cache miss)
252 silly packumentCache full:https://registry.npmjs.org/whatwg-url set size:undefined disposed:false
253 silly fetch manifest binary@~0.3.0
254 silly packumentCache full:https://registry.npmjs.org/binary cache-miss
255 http fetch GET 200 https://registry.npmjs.org/graceful-fs 48ms (cache miss)
256 silly packumentCache full:https://registry.npmjs.org/graceful-fs set size:undefined disposed:false
257 silly fetch manifest fstream@^1.0.12
258 silly packumentCache full:https://registry.npmjs.org/fstream cache-miss
259 http fetch GET 200 https://registry.npmjs.org/chromium-bidi 44ms (cache miss)
260 silly packumentCache full:https://registry.npmjs.org/chromium-bidi set size:undefined disposed:false
261 silly fetch manifest bluebird@~3.4.1
262 silly packumentCache full:https://registry.npmjs.org/bluebird cache-miss
263 http fetch GET 200 https://registry.npmjs.org/cosmiconfig 48ms (cache miss)
264 silly packumentCache full:https://registry.npmjs.org/cosmiconfig set size:undefined disposed:false
265 silly fetch manifest duplexer2@~0.1.4
266 silly packumentCache full:https://registry.npmjs.org/duplexer2 cache-miss
267 http fetch GET 200 https://registry.npmjs.org/binary 30ms (cache miss)
268 silly packumentCache full:https://registry.npmjs.org/binary set size:undefined disposed:false
269 silly fetch manifest big-integer@^1.6.17
270 silly packumentCache full:https://registry.npmjs.org/big-integer cache-miss
271 http fetch GET 200 https://registry.npmjs.org/typed-query-selector 43ms (cache miss)
272 silly packumentCache full:https://registry.npmjs.org/typed-query-selector set size:undefined disposed:false
273 silly fetch manifest graceful-fs@^4.2.2
274 silly packumentCache full:https://registry.npmjs.org/graceful-fs cache-miss
275 http cache https://registry.npmjs.org/graceful-fs 3ms (cache hit)
276 silly packumentCache full:https://registry.npmjs.org/graceful-fs set size:124285 disposed:false
277 silly fetch manifest setimmediate@~1.0.4
278 silly packumentCache full:https://registry.npmjs.org/setimmediate cache-miss
279 http fetch GET 200 https://registry.npmjs.org/duplexer2 34ms (cache miss)
280 silly packumentCache full:https://registry.npmjs.org/duplexer2 set size:undefined disposed:false
281 silly fetch manifest listenercount@~1.0.1
282 silly packumentCache full:https://registry.npmjs.org/listenercount cache-miss
283 http fetch GET 200 https://registry.npmjs.org/bluebird 47ms (cache miss)
284 silly packumentCache full:https://registry.npmjs.org/bluebird set size:undefined disposed:false
285 silly fetch manifest readable-stream@~2.3.6
286 silly packumentCache full:https://registry.npmjs.org/readable-stream cache-miss
287 http cache https://registry.npmjs.org/readable-stream 1ms (cache hit)
288 silly packumentCache full:https://registry.npmjs.org/readable-stream set size:261096 disposed:false
289 silly fetch manifest buffer-indexof-polyfill@~1.0.0
290 silly packumentCache full:https://registry.npmjs.org/buffer-indexof-polyfill cache-miss
291 http fetch GET 200 https://registry.npmjs.org/big-integer 56ms (cache miss)
292 silly packumentCache full:https://registry.npmjs.org/big-integer set size:undefined disposed:false
293 http fetch GET 200 https://registry.npmjs.org/listenercount 38ms (cache miss)
294 silly packumentCache full:https://registry.npmjs.org/listenercount set size:undefined disposed:false
295 http fetch GET 200 https://registry.npmjs.org/@puppeteer%2fbrowsers 146ms (cache miss)
296 silly packumentCache full:https://registry.npmjs.org/@puppeteer%2fbrowsers set size:undefined disposed:false
297 http fetch GET 200 https://registry.npmjs.org/buffer-indexof-polyfill 39ms (cache miss)
298 silly packumentCache full:https://registry.npmjs.org/buffer-indexof-polyfill set size:undefined disposed:false
299 http fetch GET 200 https://registry.npmjs.org/tar-stream 256ms (cache miss)
300 silly packumentCache full:https://registry.npmjs.org/tar-stream set size:undefined disposed:false
301 http fetch GET 200 https://registry.npmjs.org/devtools-protocol 212ms (cache miss)
302 silly packumentCache full:https://registry.npmjs.org/devtools-protocol set size:undefined disposed:false
303 http fetch GET 200 https://registry.npmjs.org/fstream 252ms (cache miss)
304 silly packumentCache full:https://registry.npmjs.org/fstream set size:undefined disposed:false
305 http fetch GET 200 https://registry.npmjs.org/puppeteer-core 276ms (cache miss)
306 silly packumentCache full:https://registry.npmjs.org/puppeteer-core set size:undefined disposed:false
307 http fetch GET 200 https://registry.npmjs.org/setimmediate 371ms (cache miss)
308 silly packumentCache full:https://registry.npmjs.org/setimmediate set size:undefined disposed:false
309 silly placeDep ROOT archiver-utils@2.1.0 OK for: archiver@5.3.2 want: ^2.1.0
310 silly placeDep ROOT async@3.2.6 OK for: archiver@5.3.2 want: ^3.2.4
311 silly placeDep ROOT buffer-crc32@0.2.13 OK for: archiver@5.3.2 want: ^0.2.1
312 silly placeDep ROOT readable-stream@3.6.2 OK for: archiver@5.3.2 want: ^3.6.0
313 silly placeDep ROOT readdir-glob@1.1.3 OK for: archiver@5.3.2 want: ^1.1.2
314 silly placeDep ROOT tar-stream@2.2.0 OK for: archiver@5.3.2 want: ^2.2.0
315 silly placeDep ROOT zip-stream@4.1.1 OK for: archiver@5.3.2 want: ^4.1.0
316 silly fetch manifest glob@^7.1.4
317 silly packumentCache full:https://registry.npmjs.org/glob cache-miss
318 silly fetch manifest lazystream@^1.0.0
319 silly packumentCache full:https://registry.npmjs.org/lazystream cache-miss
320 silly fetch manifest lodash.defaults@^4.2.0
321 silly packumentCache full:https://registry.npmjs.org/lodash.defaults cache-miss
322 silly fetch manifest lodash.difference@^4.5.0
323 silly packumentCache full:https://registry.npmjs.org/lodash.difference cache-miss
324 silly fetch manifest lodash.flatten@^4.4.0
325 silly packumentCache full:https://registry.npmjs.org/lodash.flatten cache-miss
326 silly fetch manifest lodash.isplainobject@^4.0.6
327 silly packumentCache full:https://registry.npmjs.org/lodash.isplainobject cache-miss
328 silly fetch manifest lodash.union@^4.6.0
329 silly packumentCache full:https://registry.npmjs.org/lodash.union cache-miss
330 silly fetch manifest normalize-path@^3.0.0
331 silly packumentCache full:https://registry.npmjs.org/normalize-path cache-miss
332 silly fetch manifest readable-stream@^2.0.0
333 silly packumentCache full:https://registry.npmjs.org/readable-stream cache-hit
334 silly fetch manifest inherits@^2.0.3
335 silly packumentCache full:https://registry.npmjs.org/inherits cache-miss
336 http fetch GET 200 https://registry.npmjs.org/lazystream 31ms (cache miss)
337 silly packumentCache full:https://registry.npmjs.org/lazystream set size:undefined disposed:false
338 silly fetch manifest string_decoder@^1.1.1
339 silly packumentCache full:https://registry.npmjs.org/string_decoder cache-miss
340 http fetch GET 200 https://registry.npmjs.org/lodash.defaults 33ms (cache miss)
341 silly packumentCache full:https://registry.npmjs.org/lodash.defaults set size:undefined disposed:false
342 silly fetch manifest util-deprecate@^1.0.1
343 silly packumentCache full:https://registry.npmjs.org/util-deprecate cache-miss
344 http fetch GET 200 https://registry.npmjs.org/inherits 35ms (cache miss)
345 silly packumentCache full:https://registry.npmjs.org/inherits set size:undefined disposed:false
346 silly fetch manifest minimatch@^5.1.0
347 silly packumentCache full:https://registry.npmjs.org/minimatch cache-miss
348 http fetch GET 200 https://registry.npmjs.org/lodash.union 37ms (cache miss)
349 silly packumentCache full:https://registry.npmjs.org/lodash.union set size:undefined disposed:false
350 silly fetch manifest bl@^4.0.3
351 silly packumentCache full:https://registry.npmjs.org/bl cache-miss
352 http fetch GET 200 https://registry.npmjs.org/normalize-path 38ms (cache miss)
353 silly packumentCache full:https://registry.npmjs.org/normalize-path set size:undefined disposed:false
354 silly fetch manifest fs-constants@^1.0.0
355 silly packumentCache full:https://registry.npmjs.org/fs-constants cache-miss
356 http fetch GET 200 https://registry.npmjs.org/lodash.difference 41ms (cache miss)
357 silly packumentCache full:https://registry.npmjs.org/lodash.difference set size:undefined disposed:false
358 silly fetch manifest end-of-stream@^1.4.1
359 silly packumentCache full:https://registry.npmjs.org/end-of-stream cache-miss
360 http fetch GET 200 https://registry.npmjs.org/lodash.flatten 42ms (cache miss)
361 silly packumentCache full:https://registry.npmjs.org/lodash.flatten set size:undefined disposed:false
362 silly fetch manifest archiver-utils@^3.0.4
363 silly packumentCache full:https://registry.npmjs.org/archiver-utils cache-miss
364 http fetch GET 200 https://registry.npmjs.org/lodash.isplainobject 41ms (cache miss)
365 silly packumentCache full:https://registry.npmjs.org/lodash.isplainobject set size:undefined disposed:false
366 silly fetch manifest compress-commons@^4.1.2
367 silly packumentCache full:https://registry.npmjs.org/compress-commons cache-miss
368 http cache https://registry.npmjs.org/archiver-utils 3ms (cache hit)
369 silly packumentCache full:https://registry.npmjs.org/archiver-utils set size:31398 disposed:false
370 http fetch GET 200 https://registry.npmjs.org/glob 47ms (cache miss)
371 silly packumentCache full:https://registry.npmjs.org/glob set size:undefined disposed:false
372 http fetch GET 200 https://registry.npmjs.org/string_decoder 25ms (cache miss)
373 silly packumentCache full:https://registry.npmjs.org/string_decoder set size:undefined disposed:false
374 http fetch GET 200 https://registry.npmjs.org/compress-commons 34ms (cache miss)
375 silly packumentCache full:https://registry.npmjs.org/compress-commons set size:undefined disposed:false
376 http fetch GET 200 https://registry.npmjs.org/bl 48ms (cache miss)
377 silly packumentCache full:https://registry.npmjs.org/bl set size:undefined disposed:false
378 http fetch GET 200 https://registry.npmjs.org/minimatch 51ms (cache miss)
379 silly packumentCache full:https://registry.npmjs.org/minimatch set size:undefined disposed:false
380 http fetch GET 200 https://registry.npmjs.org/end-of-stream 238ms (cache miss)
381 silly packumentCache full:https://registry.npmjs.org/end-of-stream set size:undefined disposed:false
382 http fetch GET 200 https://registry.npmjs.org/fs-constants 240ms (cache miss)
383 silly packumentCache full:https://registry.npmjs.org/fs-constants set size:undefined disposed:false
384 http fetch GET 200 https://registry.npmjs.org/util-deprecate 275ms (cache miss)
385 silly packumentCache full:https://registry.npmjs.org/util-deprecate set size:undefined disposed:false
386 silly placeDep ROOT glob@7.2.3 OK for: archiver-utils@2.1.0 want: ^7.1.4
387 silly placeDep ROOT graceful-fs@4.2.11 OK for: archiver-utils@2.1.0 want: ^4.2.0
388 silly placeDep ROOT lazystream@1.0.1 OK for: archiver-utils@2.1.0 want: ^1.0.0
389 silly placeDep ROOT lodash.defaults@4.2.0 OK for: archiver-utils@2.1.0 want: ^4.2.0
390 silly placeDep ROOT lodash.difference@4.5.0 OK for: archiver-utils@2.1.0 want: ^4.5.0
391 silly placeDep ROOT lodash.flatten@4.4.0 OK for: archiver-utils@2.1.0 want: ^4.4.0
392 silly placeDep ROOT lodash.isplainobject@4.0.6 OK for: archiver-utils@2.1.0 want: ^4.0.6
393 silly placeDep ROOT lodash.union@4.6.0 OK for: archiver-utils@2.1.0 want: ^4.6.0
394 silly placeDep ROOT normalize-path@3.0.0 OK for: archiver-utils@2.1.0 want: ^3.0.0
395 silly placeDep node_modules/archiver-utils readable-stream@2.3.8 OK for: archiver-utils@2.1.0 want: ^2.0.0
396 silly fetch manifest once@^1.3.0
397 silly packumentCache full:https://registry.npmjs.org/once cache-miss
398 silly fetch manifest inflight@^1.0.4
399 silly packumentCache full:https://registry.npmjs.org/inflight cache-miss
400 silly fetch manifest inherits@2
401 silly packumentCache full:https://registry.npmjs.org/inherits cache-miss
402 silly fetch manifest minimatch@^3.1.1
403 silly packumentCache full:https://registry.npmjs.org/minimatch cache-miss
404 silly fetch manifest fs.realpath@^1.0.0
405 silly packumentCache full:https://registry.npmjs.org/fs.realpath cache-miss
406 silly fetch manifest path-is-absolute@^1.0.0
407 silly packumentCache full:https://registry.npmjs.org/path-is-absolute cache-miss
408 silly fetch manifest readable-stream@^2.0.5
409 silly packumentCache full:https://registry.npmjs.org/readable-stream cache-hit
410 silly fetch manifest isarray@~1.0.0
411 silly packumentCache full:https://registry.npmjs.org/isarray cache-miss
412 silly fetch manifest inherits@~2.0.3
413 silly packumentCache full:https://registry.npmjs.org/inherits cache-miss
414 silly fetch manifest safe-buffer@~5.1.1
415 silly packumentCache full:https://registry.npmjs.org/safe-buffer cache-miss
416 http cache https://registry.npmjs.org/inherits 12ms (cache hit)
417 silly packumentCache full:https://registry.npmjs.org/inherits set size:12925 disposed:false
418 silly fetch manifest core-util-is@~1.0.0
419 silly packumentCache full:https://registry.npmjs.org/core-util-is cache-miss
420 http cache https://registry.npmjs.org/inherits 11ms (cache hit)
421 silly packumentCache full:https://registry.npmjs.org/inherits set size:12925 disposed:false
422 silly packumentCache full:https://registry.npmjs.org/inherits dispose
423 silly fetch manifest string_decoder@~1.1.1
424 silly packumentCache full:https://registry.npmjs.org/string_decoder cache-miss
425 http cache https://registry.npmjs.org/minimatch 13ms (cache hit)
426 silly packumentCache full:https://registry.npmjs.org/minimatch set size:375282 disposed:false
427 silly fetch manifest util-deprecate@~1.0.1
428 silly packumentCache full:https://registry.npmjs.org/util-deprecate cache-miss
429 http cache https://registry.npmjs.org/string_decoder 5ms (cache hit)
430 silly packumentCache full:https://registry.npmjs.org/string_decoder set size:28441 disposed:false
431 silly fetch manifest process-nextick-args@~2.0.0
432 silly packumentCache full:https://registry.npmjs.org/process-nextick-args cache-miss
433 http cache https://registry.npmjs.org/util-deprecate 3ms (cache hit)
434 silly packumentCache full:https://registry.npmjs.org/util-deprecate set size:6674 disposed:false
435 http fetch GET 200 https://registry.npmjs.org/fs.realpath 26ms (cache miss)
436 silly packumentCache full:https://registry.npmjs.org/fs.realpath set size:undefined disposed:false
437 http fetch GET 200 https://registry.npmjs.org/inflight 27ms (cache miss)
438 silly packumentCache full:https://registry.npmjs.org/inflight set size:undefined disposed:false
439 http fetch GET 200 https://registry.npmjs.org/isarray 32ms (cache miss)
440 silly packumentCache full:https://registry.npmjs.org/isarray set size:undefined disposed:false
441 http fetch GET 200 https://registry.npmjs.org/safe-buffer 32ms (cache miss)
442 silly packumentCache full:https://registry.npmjs.org/safe-buffer set size:undefined disposed:false
443 http fetch GET 200 https://registry.npmjs.org/path-is-absolute 246ms (cache miss)
444 silly packumentCache full:https://registry.npmjs.org/path-is-absolute set size:undefined disposed:false
445 http fetch GET 200 https://registry.npmjs.org/once 253ms (cache miss)
446 silly packumentCache full:https://registry.npmjs.org/once set size:undefined disposed:false
447 http fetch GET 200 https://registry.npmjs.org/core-util-is 254ms (cache miss)
448 silly packumentCache full:https://registry.npmjs.org/core-util-is set size:undefined disposed:false
449 http fetch GET 200 https://registry.npmjs.org/process-nextick-args 266ms (cache miss)
450 silly packumentCache full:https://registry.npmjs.org/process-nextick-args set size:undefined disposed:false
451 silly placeDep node_modules/fluent-ffmpeg async@0.2.10 OK for: fluent-ffmpeg@2.1.3 want: ^0.2.9
452 silly placeDep ROOT which@1.3.1 OK for: fluent-ffmpeg@2.1.3 want: ^1.1.1
453 silly fetch manifest isexe@^2.0.0
454 silly packumentCache full:https://registry.npmjs.org/isexe cache-miss
455 http fetch GET 200 https://registry.npmjs.org/isexe 29ms (cache miss)
456 silly packumentCache full:https://registry.npmjs.org/isexe set size:undefined disposed:false
457 silly placeDep ROOT jsonfile@6.2.0 OK for: fs-extra@10.1.0 want: ^6.0.1
458 silly placeDep ROOT universalify@2.0.1 OK for: fs-extra@10.1.0 want: ^2.0.0
459 silly placeDep ROOT fs.realpath@1.0.0 OK for: glob@7.2.3 want: ^1.0.0
460 silly placeDep ROOT inflight@1.0.6 OK for: glob@7.2.3 want: ^1.0.4
461 silly placeDep ROOT inherits@2.0.4 OK for: glob@7.2.3 want: 2
462 silly placeDep ROOT minimatch@3.1.5 OK for: glob@7.2.3 want: ^3.1.1
463 silly placeDep ROOT once@1.4.0 OK for: glob@7.2.3 want: ^1.3.0
464 silly placeDep ROOT path-is-absolute@1.0.1 OK for: glob@7.2.3 want: ^1.0.0
465 silly fetch manifest wrappy@1
466 silly packumentCache full:https://registry.npmjs.org/wrappy cache-miss
467 silly fetch manifest brace-expansion@^1.1.7
468 silly packumentCache full:https://registry.npmjs.org/brace-expansion cache-miss
469 silly fetch manifest wrappy@1
470 silly packumentCache full:https://registry.npmjs.org/wrappy cache-miss
471 http fetch GET 200 https://registry.npmjs.org/wrappy 30ms (cache miss)
472 silly packumentCache full:https://registry.npmjs.org/wrappy set size:undefined disposed:false
473 http fetch GET 200 https://registry.npmjs.org/wrappy 31ms (cache miss)
474 silly packumentCache full:https://registry.npmjs.org/wrappy set size:undefined disposed:false
475 http fetch GET 200 https://registry.npmjs.org/brace-expansion 31ms (cache miss)
476 silly packumentCache full:https://registry.npmjs.org/brace-expansion set size:undefined disposed:false
477 silly placeDep ROOT wrappy@1.0.2 OK for: inflight@1.0.6 want: 1
478 silly placeDep node_modules/lazystream readable-stream@2.3.8 OK for: lazystream@1.0.1 want: ^2.0.5
479 silly placeDep ROOT brace-expansion@1.1.14 OK for: minimatch@3.1.5 want: ^1.1.7
480 silly fetch manifest concat-map@0.0.1
481 silly packumentCache full:https://registry.npmjs.org/concat-map cache-miss
482 silly fetch manifest balanced-match@^1.0.0
483 silly packumentCache full:https://registry.npmjs.org/balanced-match cache-miss
484 http fetch GET 200 https://registry.npmjs.org/concat-map 24ms (cache miss)
485 silly packumentCache full:https://registry.npmjs.org/concat-map set size:undefined disposed:false
486 http fetch GET 200 https://registry.npmjs.org/balanced-match 32ms (cache miss)
487 silly packumentCache full:https://registry.npmjs.org/balanced-match set size:undefined disposed:false
488 silly placeDep ROOT balanced-match@1.0.2 OK for: brace-expansion@1.1.14 want: ^1.0.0
489 silly placeDep ROOT concat-map@0.0.1 OK for: brace-expansion@1.1.14 want: 0.0.1
490 silly placeDep ROOT whatwg-url@5.0.0 OK for: node-fetch@2.7.0 want: ^5.0.0
491 silly fetch manifest tr46@~0.0.3
492 silly packumentCache full:https://registry.npmjs.org/tr46 cache-miss
493 silly fetch manifest webidl-conversions@^3.0.0
494 silly packumentCache full:https://registry.npmjs.org/webidl-conversions cache-miss
495 http fetch GET 200 https://registry.npmjs.org/tr46 34ms (cache miss)
496 silly packumentCache full:https://registry.npmjs.org/tr46 set size:undefined disposed:false
497 http fetch GET 200 https://registry.npmjs.org/webidl-conversions 35ms (cache miss)
498 silly packumentCache full:https://registry.npmjs.org/webidl-conversions set size:undefined disposed:false
499 silly fetch manifest typescript@>=4.9.5
500 silly packumentCache full:https://registry.npmjs.org/typescript cache-miss
501 http fetch GET 200 https://registry.npmjs.org/typescript 418ms (cache miss)
502 silly packumentCache full:https://registry.npmjs.org/typescript set size:undefined disposed:false
503 silly placeDep ROOT @puppeteer/browsers@2.13.0 OK for: puppeteer@24.41.0 want: 2.13.0
504 silly placeDep ROOT chromium-bidi@14.0.0 OK for: puppeteer@24.41.0 want: 14.0.0
505 silly placeDep ROOT devtools-protocol@0.0.1595872 OK for: chromium-bidi@14.0.0 want: *
506 silly placeDep ROOT cosmiconfig@9.0.1 OK for: puppeteer@24.41.0 want: ^9.0.0
507 silly placeDep ROOT puppeteer-core@24.41.0 OK for: puppeteer@24.41.0 want: 24.41.0
508 silly placeDep ROOT typed-query-selector@2.12.1 OK for: puppeteer@24.41.0 want: ^2.12.1
509 silly fetch manifest debug@^4.4.3
510 silly packumentCache full:https://registry.npmjs.org/debug cache-miss
511 silly fetch manifest extract-zip@^2.0.1
512 silly packumentCache full:https://registry.npmjs.org/extract-zip cache-miss
513 silly fetch manifest progress@^2.0.3
514 silly packumentCache full:https://registry.npmjs.org/progress cache-miss
515 silly fetch manifest proxy-agent@^6.5.0
516 silly packumentCache full:https://registry.npmjs.org/proxy-agent cache-miss
517 silly fetch manifest tar-fs@^3.1.1
518 silly packumentCache full:https://registry.npmjs.org/tar-fs cache-miss
519 silly fetch manifest yargs@^17.7.2
520 silly packumentCache full:https://registry.npmjs.org/yargs cache-miss
521 silly fetch manifest semver@^7.7.4
522 silly packumentCache full:https://registry.npmjs.org/semver cache-miss
523 silly fetch manifest zod@^3.24.1
524 silly packumentCache full:https://registry.npmjs.org/zod cache-miss
525 silly fetch manifest mitt@^3.0.1
526 silly packumentCache full:https://registry.npmjs.org/mitt cache-miss
527 http fetch GET 200 https://registry.npmjs.org/extract-zip 28ms (cache miss)
528 silly packumentCache full:https://registry.npmjs.org/extract-zip set size:undefined disposed:false
529 silly fetch manifest env-paths@^2.2.1
530 silly packumentCache full:https://registry.npmjs.org/env-paths cache-miss
531 http fetch GET 200 https://registry.npmjs.org/progress 36ms (cache miss)
532 silly packumentCache full:https://registry.npmjs.org/progress set size:undefined disposed:false
533 silly fetch manifest import-fresh@^3.3.0
534 silly packumentCache full:https://registry.npmjs.org/import-fresh cache-miss
535 http fetch GET 200 https://registry.npmjs.org/mitt 39ms (cache miss)
536 silly packumentCache full:https://registry.npmjs.org/mitt set size:undefined disposed:false
537 silly fetch manifest js-yaml@^4.1.0
538 silly packumentCache full:https://registry.npmjs.org/js-yaml cache-miss
539 http fetch GET 200 https://registry.npmjs.org/proxy-agent 40ms (cache miss)
540 silly packumentCache full:https://registry.npmjs.org/proxy-agent set size:undefined disposed:false
541 silly fetch manifest parse-json@^5.2.0
542 silly packumentCache full:https://registry.npmjs.org/parse-json cache-miss
543 http fetch GET 200 https://registry.npmjs.org/semver 47ms (cache miss)
544 silly packumentCache full:https://registry.npmjs.org/semver set size:undefined disposed:false
545 silly fetch manifest debug@^4.4.3
546 silly packumentCache full:https://registry.npmjs.org/debug cache-miss
547 http fetch GET 200 https://registry.npmjs.org/tar-fs 52ms (cache miss)
548 silly packumentCache full:https://registry.npmjs.org/tar-fs set size:undefined disposed:false
549 silly fetch manifest webdriver-bidi-protocol@0.4.1
550 silly packumentCache full:https://registry.npmjs.org/webdriver-bidi-protocol cache-miss
551 http fetch GET 200 https://registry.npmjs.org/env-paths 42ms (cache miss)
552 silly packumentCache full:https://registry.npmjs.org/env-paths set size:undefined disposed:false
553 silly fetch manifest ws@^8.19.0
554 silly packumentCache full:https://registry.npmjs.org/ws cache-miss
555 http fetch GET 200 https://registry.npmjs.org/yargs 72ms (cache miss)
556 silly packumentCache full:https://registry.npmjs.org/yargs set size:undefined disposed:false
557 http fetch GET 200 https://registry.npmjs.org/parse-json 37ms (cache miss)
558 silly packumentCache full:https://registry.npmjs.org/parse-json set size:undefined disposed:false
559 http fetch GET 200 https://registry.npmjs.org/import-fresh 42ms (cache miss)
560 silly packumentCache full:https://registry.npmjs.org/import-fresh set size:undefined disposed:false
561 http fetch GET 200 https://registry.npmjs.org/js-yaml 40ms (cache miss)
562 silly packumentCache full:https://registry.npmjs.org/js-yaml set size:undefined disposed:false
563 http fetch GET 200 https://registry.npmjs.org/webdriver-bidi-protocol 46ms (cache miss)
564 silly packumentCache full:https://registry.npmjs.org/webdriver-bidi-protocol set size:undefined disposed:false
565 http fetch GET 200 https://registry.npmjs.org/ws 53ms (cache miss)
566 silly packumentCache full:https://registry.npmjs.org/ws set size:undefined disposed:false
567 http fetch GET 200 https://registry.npmjs.org/zod 159ms (cache miss)
568 silly packumentCache full:https://registry.npmjs.org/zod set size:undefined disposed:false
569 http fetch GET 200 https://registry.npmjs.org/debug 280ms (cache miss)
570 silly packumentCache full:https://registry.npmjs.org/debug set size:undefined disposed:false
571 http fetch GET 200 https://registry.npmjs.org/debug 504ms (cache miss)
572 silly packumentCache full:https://registry.npmjs.org/debug set size:undefined disposed:false
573 silly placeDep ROOT debug@4.4.3 OK for: @puppeteer/browsers@2.13.0 want: ^4.4.3
574 silly placeDep ROOT extract-zip@2.0.1 OK for: @puppeteer/browsers@2.13.0 want: ^2.0.1
575 silly placeDep ROOT progress@2.0.3 OK for: @puppeteer/browsers@2.13.0 want: ^2.0.3
576 silly placeDep ROOT proxy-agent@6.5.0 OK for: @puppeteer/browsers@2.13.0 want: ^6.5.0
577 silly placeDep ROOT semver@7.7.4 OK for: @puppeteer/browsers@2.13.0 want: ^7.7.4
578 silly placeDep ROOT tar-fs@3.1.2 OK for: @puppeteer/browsers@2.13.0 want: ^3.1.1
579 silly placeDep ROOT yargs@17.7.2 OK for: @puppeteer/browsers@2.13.0 want: ^17.7.2
580 silly fetch manifest ms@^2.1.3
581 silly packumentCache full:https://registry.npmjs.org/ms cache-miss
582 silly fetch manifest get-stream@^5.1.0
583 silly packumentCache full:https://registry.npmjs.org/get-stream cache-miss
584 silly fetch manifest yauzl@^2.10.0
585 silly packumentCache full:https://registry.npmjs.org/yauzl cache-miss
586 silly fetch manifest @types/yauzl@^2.9.1
587 silly packumentCache full:https://registry.npmjs.org/@types%2fyauzl cache-miss
588 silly fetch manifest lru-cache@^7.14.1
589 silly packumentCache full:https://registry.npmjs.org/lru-cache cache-miss
590 silly fetch manifest agent-base@^7.1.2
591 silly packumentCache full:https://registry.npmjs.org/agent-base cache-miss
592 silly fetch manifest proxy-from-env@^1.1.0
593 silly packumentCache full:https://registry.npmjs.org/proxy-from-env cache-miss
594 silly fetch manifest pac-proxy-agent@^7.1.0
595 silly packumentCache full:https://registry.npmjs.org/pac-proxy-agent cache-miss
596 silly fetch manifest http-proxy-agent@^7.0.1
597 silly packumentCache full:https://registry.npmjs.org/http-proxy-agent cache-miss
598 http cache https://registry.npmjs.org/proxy-from-env 7ms (cache hit)
599 silly packumentCache full:https://registry.npmjs.org/proxy-from-env set size:21422 disposed:false
600 silly fetch manifest https-proxy-agent@^7.0.6
601 silly packumentCache full:https://registry.npmjs.org/https-proxy-agent cache-miss
602 http fetch GET 200 https://registry.npmjs.org/ms 43ms (cache miss)
603 silly packumentCache full:https://registry.npmjs.org/ms set size:undefined disposed:false
604 silly fetch manifest socks-proxy-agent@^8.0.5
605 silly packumentCache full:https://registry.npmjs.org/socks-proxy-agent cache-miss
606 http fetch GET 200 https://registry.npmjs.org/pac-proxy-agent 45ms (cache miss)
607 silly packumentCache full:https://registry.npmjs.org/pac-proxy-agent set size:undefined disposed:false
608 silly fetch manifest pump@^3.0.0
609 silly packumentCache full:https://registry.npmjs.org/pump cache-miss
610 http fetch GET 200 https://registry.npmjs.org/http-proxy-agent 46ms (cache miss)
611 silly packumentCache full:https://registry.npmjs.org/http-proxy-agent set size:undefined disposed:false
612 silly fetch manifest tar-stream@^3.1.5
613 silly packumentCache full:https://registry.npmjs.org/tar-stream cache-miss
614 http fetch GET 200 https://registry.npmjs.org/agent-base 47ms (cache miss)
615 silly packumentCache full:https://registry.npmjs.org/agent-base set size:undefined disposed:false
616 silly fetch manifest bare-fs@^4.0.1
617 silly packumentCache full:https://registry.npmjs.org/bare-fs cache-miss
618 http fetch GET 200 https://registry.npmjs.org/get-stream 50ms (cache miss)
619 silly packumentCache full:https://registry.npmjs.org/get-stream set size:undefined disposed:false
620 silly fetch manifest bare-path@^3.0.0
621 silly packumentCache full:https://registry.npmjs.org/bare-path cache-miss
622 http fetch GET 200 https://registry.npmjs.org/yauzl 53ms (cache miss)
623 silly packumentCache full:https://registry.npmjs.org/yauzl set size:undefined disposed:false
624 silly fetch manifest y18n@^5.0.5
625 silly packumentCache full:https://registry.npmjs.org/y18n cache-miss
626 http cache https://registry.npmjs.org/tar-stream 7ms (cache hit)
627 silly packumentCache full:https://registry.npmjs.org/tar-stream set size:134193 disposed:false
628 silly fetch manifest cliui@^8.0.1
629 silly packumentCache full:https://registry.npmjs.org/cliui cache-miss
630 http fetch GET 200 https://registry.npmjs.org/https-proxy-agent 48ms (cache miss)
631 silly packumentCache full:https://registry.npmjs.org/https-proxy-agent set size:undefined disposed:false
632 silly fetch manifest escalade@^3.1.1
633 silly packumentCache full:https://registry.npmjs.org/escalade cache-miss
634 http fetch GET 200 https://registry.npmjs.org/@types%2fyauzl 59ms (cache miss)
635 silly packumentCache full:https://registry.npmjs.org/@types%2fyauzl set size:undefined disposed:false
636 silly fetch manifest string-width@^4.2.3
637 silly packumentCache full:https://registry.npmjs.org/string-width cache-miss
638 http fetch GET 200 https://registry.npmjs.org/lru-cache 66ms (cache miss)
639 silly packumentCache full:https://registry.npmjs.org/lru-cache set size:undefined disposed:false
640 silly fetch manifest yargs-parser@^21.1.1
641 silly packumentCache full:https://registry.npmjs.org/yargs-parser cache-miss
642 http fetch GET 200 https://registry.npmjs.org/pump 32ms (cache miss)
643 silly packumentCache full:https://registry.npmjs.org/pump set size:undefined disposed:false
644 silly fetch manifest get-caller-file@^2.0.5
645 silly packumentCache full:https://registry.npmjs.org/get-caller-file cache-miss
646 http fetch GET 200 https://registry.npmjs.org/bare-path 29ms (cache miss)
647 silly packumentCache full:https://registry.npmjs.org/bare-path set size:undefined disposed:false
648 silly fetch manifest require-directory@^2.1.1
649 silly packumentCache full:https://registry.npmjs.org/require-directory cache-miss
650 http fetch GET 200 https://registry.npmjs.org/socks-proxy-agent 37ms (cache miss)
651 silly packumentCache full:https://registry.npmjs.org/socks-proxy-agent set size:undefined disposed:false
652 http fetch GET 200 https://registry.npmjs.org/bare-fs 38ms (cache miss)
653 silly packumentCache full:https://registry.npmjs.org/bare-fs set size:undefined disposed:false
654 http fetch GET 200 https://registry.npmjs.org/escalade 33ms (cache miss)
655 silly packumentCache full:https://registry.npmjs.org/escalade set size:undefined disposed:false
656 http fetch GET 200 https://registry.npmjs.org/cliui 35ms (cache miss)
657 silly packumentCache full:https://registry.npmjs.org/cliui set size:undefined disposed:false
658 http fetch GET 200 https://registry.npmjs.org/y18n 40ms (cache miss)
659 silly packumentCache full:https://registry.npmjs.org/y18n set size:undefined disposed:false
660 http fetch GET 200 https://registry.npmjs.org/string-width 37ms (cache miss)
661 silly packumentCache full:https://registry.npmjs.org/string-width set size:undefined disposed:false
662 http fetch GET 200 https://registry.npmjs.org/yargs-parser 39ms (cache miss)
663 silly packumentCache full:https://registry.npmjs.org/yargs-parser set size:undefined disposed:false
664 http fetch GET 200 https://registry.npmjs.org/get-caller-file 30ms (cache miss)
665 silly packumentCache full:https://registry.npmjs.org/get-caller-file set size:undefined disposed:false
666 http fetch GET 200 https://registry.npmjs.org/require-directory 252ms (cache miss)
667 silly packumentCache full:https://registry.npmjs.org/require-directory set size:undefined disposed:false
668 silly placeDep ROOT mitt@3.0.1 OK for: chromium-bidi@14.0.0 want: ^3.0.1
669 silly placeDep ROOT zod@3.25.76 OK for: chromium-bidi@14.0.0 want: ^3.24.1
670 silly placeDep ROOT env-paths@2.2.1 OK for: cosmiconfig@9.0.1 want: ^2.2.1
671 silly placeDep ROOT import-fresh@3.3.1 OK for: cosmiconfig@9.0.1 want: ^3.3.0
672 silly placeDep ROOT js-yaml@4.1.1 OK for: cosmiconfig@9.0.1 want: ^4.1.0
673 silly placeDep ROOT parse-json@5.2.0 OK for: cosmiconfig@9.0.1 want: ^5.2.0
674 silly fetch manifest resolve-from@^4.0.0
675 silly packumentCache full:https://registry.npmjs.org/resolve-from cache-miss
676 silly fetch manifest parent-module@^1.0.0
677 silly packumentCache full:https://registry.npmjs.org/parent-module cache-miss
678 silly fetch manifest argparse@^2.0.1
679 silly packumentCache full:https://registry.npmjs.org/argparse cache-miss
680 silly fetch manifest error-ex@^1.3.1
681 silly packumentCache full:https://registry.npmjs.org/error-ex cache-miss
682 silly fetch manifest @babel/code-frame@^7.0.0
683 silly packumentCache full:https://registry.npmjs.org/@babel%2fcode-frame cache-miss
684 silly fetch manifest lines-and-columns@^1.1.6
685 silly packumentCache full:https://registry.npmjs.org/lines-and-columns cache-miss
686 silly fetch manifest json-parse-even-better-errors@^2.3.0
687 silly packumentCache full:https://registry.npmjs.org/json-parse-even-better-errors cache-miss
688 http fetch GET 200 https://registry.npmjs.org/parent-module 32ms (cache miss)
689 silly packumentCache full:https://registry.npmjs.org/parent-module set size:undefined disposed:false
690 http fetch GET 200 https://registry.npmjs.org/argparse 33ms (cache miss)
691 silly packumentCache full:https://registry.npmjs.org/argparse set size:undefined disposed:false
692 http fetch GET 200 https://registry.npmjs.org/resolve-from 36ms (cache miss)
693 silly packumentCache full:https://registry.npmjs.org/resolve-from set size:undefined disposed:false
694 http fetch GET 200 https://registry.npmjs.org/json-parse-even-better-errors 38ms (cache miss)
695 silly packumentCache full:https://registry.npmjs.org/json-parse-even-better-errors set size:undefined disposed:false
696 http fetch GET 200 https://registry.npmjs.org/lines-and-columns 39ms (cache miss)
697 silly packumentCache full:https://registry.npmjs.org/lines-and-columns set size:undefined disposed:false
698 http fetch GET 200 https://registry.npmjs.org/error-ex 41ms (cache miss)
699 silly packumentCache full:https://registry.npmjs.org/error-ex set size:undefined disposed:false
700 http fetch GET 200 https://registry.npmjs.org/@babel%2fcode-frame 51ms (cache miss)
701 silly packumentCache full:https://registry.npmjs.org/@babel%2fcode-frame set size:undefined disposed:false
702 silly placeDep ROOT ms@2.1.3 OK for: debug@4.4.3 want: ^2.1.3
703 silly placeDep ROOT @types/yauzl@2.10.3 OK for: extract-zip@2.0.1 want: ^2.9.1
704 silly placeDep ROOT get-stream@5.2.0 OK for: extract-zip@2.0.1 want: ^5.1.0
705 silly placeDep ROOT yauzl@2.10.0 OK for: extract-zip@2.0.1 want: ^2.10.0
706 silly fetch manifest @types/node@*
707 silly packumentCache full:https://registry.npmjs.org/@types%2fnode cache-miss
708 silly fetch manifest fd-slicer@~1.1.0
709 silly packumentCache full:https://registry.npmjs.org/fd-slicer cache-miss
710 http fetch GET 200 https://registry.npmjs.org/fd-slicer 31ms (cache miss)
711 silly packumentCache full:https://registry.npmjs.org/fd-slicer set size:undefined disposed:false
712 http fetch GET 200 https://registry.npmjs.org/@types%2fnode 270ms (cache miss)
713 silly packumentCache full:https://registry.npmjs.org/@types%2fnode set size:undefined disposed:false
714 silly placeDep ROOT @types/node@25.6.0 OK for: @types/yauzl@2.10.3 want: *
715 silly fetch manifest undici-types@~7.19.0
716 silly packumentCache full:https://registry.npmjs.org/undici-types cache-miss
717 http fetch GET 200 https://registry.npmjs.org/undici-types 37ms (cache miss)
718 silly packumentCache full:https://registry.npmjs.org/undici-types set size:undefined disposed:false
719 silly placeDep ROOT undici-types@7.19.2 OK for: @types/node@25.6.0 want: ~7.19.0
720 silly placeDep ROOT pump@3.0.4 OK for: get-stream@5.2.0 want: ^3.0.0
721 silly fetch manifest end-of-stream@^1.1.0
722 silly packumentCache full:https://registry.npmjs.org/end-of-stream cache-miss
723 http cache https://registry.npmjs.org/end-of-stream 1ms (cache hit)
724 silly packumentCache full:https://registry.npmjs.org/end-of-stream set size:27842 disposed:false
725 silly placeDep ROOT parent-module@1.0.1 OK for: import-fresh@3.3.1 want: ^1.0.0
726 silly placeDep ROOT resolve-from@4.0.0 OK for: import-fresh@3.3.1 want: ^4.0.0
727 silly fetch manifest callsites@^3.0.0
728 silly packumentCache full:https://registry.npmjs.org/callsites cache-miss
729 http fetch GET 200 https://registry.npmjs.org/callsites 337ms (cache miss)
730 silly packumentCache full:https://registry.npmjs.org/callsites set size:undefined disposed:false
731 silly placeDep ROOT argparse@2.0.1 OK for: js-yaml@4.1.1 want: ^2.0.1
732 silly placeDep ROOT callsites@3.1.0 OK for: parent-module@1.0.1 want: ^3.0.0
733 silly placeDep ROOT @babel/code-frame@7.29.0 OK for: parse-json@5.2.0 want: ^7.0.0
734 silly placeDep ROOT error-ex@1.3.4 OK for: parse-json@5.2.0 want: ^1.3.1
735 silly placeDep ROOT json-parse-even-better-errors@2.3.1 OK for: parse-json@5.2.0 want: ^2.3.0
736 silly placeDep ROOT lines-and-columns@1.2.4 OK for: parse-json@5.2.0 want: ^1.1.6
737 silly fetch manifest js-tokens@^4.0.0
738 silly packumentCache full:https://registry.npmjs.org/js-tokens cache-miss
739 silly fetch manifest picocolors@^1.1.1
740 silly packumentCache full:https://registry.npmjs.org/picocolors cache-miss
741 silly fetch manifest @babel/helper-validator-identifier@^7.28.5
742 silly packumentCache full:https://registry.npmjs.org/@babel%2fhelper-validator-identifier cache-miss
743 silly fetch manifest is-arrayish@^0.2.1
744 silly packumentCache full:https://registry.npmjs.org/is-arrayish cache-miss
745 http fetch GET 200 https://registry.npmjs.org/is-arrayish 32ms (cache miss)
746 silly packumentCache full:https://registry.npmjs.org/is-arrayish set size:undefined disposed:false
747 http fetch GET 200 https://registry.npmjs.org/picocolors 34ms (cache miss)
748 silly packumentCache full:https://registry.npmjs.org/picocolors set size:undefined disposed:false
749 http fetch GET 200 https://registry.npmjs.org/js-tokens 35ms (cache miss)
750 silly packumentCache full:https://registry.npmjs.org/js-tokens set size:undefined disposed:false
751 http fetch GET 200 https://registry.npmjs.org/@babel%2fhelper-validator-identifier 42ms (cache miss)
752 silly packumentCache full:https://registry.npmjs.org/@babel%2fhelper-validator-identifier set size:undefined disposed:false
753 silly placeDep ROOT @babel/helper-validator-identifier@7.28.5 OK for: @babel/code-frame@7.29.0 want: ^7.28.5
754 silly placeDep ROOT js-tokens@4.0.0 OK for: @babel/code-frame@7.29.0 want: ^4.0.0
755 silly placeDep ROOT picocolors@1.1.1 OK for: @babel/code-frame@7.29.0 want: ^1.1.1
756 silly placeDep ROOT is-arrayish@0.2.1 OK for: error-ex@1.3.4 want: ^0.2.1
757 silly placeDep ROOT agent-base@7.1.4 OK for: proxy-agent@6.5.0 want: ^7.1.2
758 silly placeDep ROOT http-proxy-agent@7.0.2 OK for: proxy-agent@6.5.0 want: ^7.0.1
759 silly placeDep ROOT https-proxy-agent@7.0.6 OK for: proxy-agent@6.5.0 want: ^7.0.6
760 silly placeDep ROOT lru-cache@7.18.3 OK for: proxy-agent@6.5.0 want: ^7.14.1
761 silly placeDep ROOT pac-proxy-agent@7.2.0 OK for: proxy-agent@6.5.0 want: ^7.1.0
762 silly placeDep node_modules/proxy-agent proxy-from-env@1.1.0 OK for: proxy-agent@6.5.0 want: ^1.1.0
763 silly placeDep ROOT socks-proxy-agent@8.0.5 OK for: proxy-agent@6.5.0 want: ^8.0.5
764 silly fetch manifest get-uri@^6.0.1
765 silly packumentCache full:https://registry.npmjs.org/get-uri cache-miss
766 silly fetch manifest pac-resolver@^7.0.1
767 silly packumentCache full:https://registry.npmjs.org/pac-resolver cache-miss
768 silly fetch manifest @tootallnate/quickjs-emscripten@^0.23.0
769 silly packumentCache full:https://registry.npmjs.org/@tootallnate%2fquickjs-emscripten cache-miss
770 silly fetch manifest socks@^2.8.3
771 silly packumentCache full:https://registry.npmjs.org/socks cache-miss
772 http fetch GET 200 https://registry.npmjs.org/pac-resolver 37ms (cache miss)
773 silly packumentCache full:https://registry.npmjs.org/pac-resolver set size:undefined disposed:false
774 http fetch GET 200 https://registry.npmjs.org/get-uri 39ms (cache miss)
775 silly packumentCache full:https://registry.npmjs.org/get-uri set size:undefined disposed:false
776 http fetch GET 200 https://registry.npmjs.org/socks 42ms (cache miss)
777 silly packumentCache full:https://registry.npmjs.org/socks set size:undefined disposed:false
778 http fetch GET 200 https://registry.npmjs.org/@tootallnate%2fquickjs-emscripten 217ms (cache miss)
779 silly packumentCache full:https://registry.npmjs.org/@tootallnate%2fquickjs-emscripten set size:undefined disposed:false
780 silly placeDep ROOT @tootallnate/quickjs-emscripten@0.23.0 OK for: pac-proxy-agent@7.2.0 want: ^0.23.0
781 silly placeDep ROOT get-uri@6.0.5 OK for: pac-proxy-agent@7.2.0 want: ^6.0.1
782 silly placeDep ROOT pac-resolver@7.0.1 OK for: pac-proxy-agent@7.2.0 want: ^7.0.1
783 silly fetch manifest basic-ftp@^5.0.2
784 silly packumentCache full:https://registry.npmjs.org/basic-ftp cache-miss
785 silly fetch manifest data-uri-to-buffer@^6.0.2
786 silly packumentCache full:https://registry.npmjs.org/data-uri-to-buffer cache-miss
787 silly fetch manifest netmask@^2.0.2
788 silly packumentCache full:https://registry.npmjs.org/netmask cache-miss
789 silly fetch manifest degenerator@^5.0.0
790 silly packumentCache full:https://registry.npmjs.org/degenerator cache-miss
791 http fetch GET 200 https://registry.npmjs.org/netmask 32ms (cache miss)
792 silly packumentCache full:https://registry.npmjs.org/netmask set size:undefined disposed:false
793 http fetch GET 200 https://registry.npmjs.org/degenerator 37ms (cache miss)
794 silly packumentCache full:https://registry.npmjs.org/degenerator set size:undefined disposed:false
795 http fetch GET 200 https://registry.npmjs.org/data-uri-to-buffer 39ms (cache miss)
796 silly packumentCache full:https://registry.npmjs.org/data-uri-to-buffer set size:undefined disposed:false
797 http fetch GET 200 https://registry.npmjs.org/basic-ftp 43ms (cache miss)
798 silly packumentCache full:https://registry.npmjs.org/basic-ftp set size:undefined disposed:false
799 silly placeDep ROOT basic-ftp@5.3.0 OK for: get-uri@6.0.5 want: ^5.0.2
800 silly placeDep ROOT data-uri-to-buffer@6.0.2 OK for: get-uri@6.0.5 want: ^6.0.2
801 silly placeDep ROOT degenerator@5.0.1 OK for: pac-resolver@7.0.1 want: ^5.0.0
802 silly placeDep ROOT netmask@2.1.1 OK for: pac-resolver@7.0.1 want: ^2.0.2
803 silly fetch manifest esprima@^4.0.1
804 silly packumentCache full:https://registry.npmjs.org/esprima cache-miss
805 silly fetch manifest ast-types@^0.13.4
806 silly packumentCache full:https://registry.npmjs.org/ast-types cache-miss
807 silly fetch manifest escodegen@^2.1.0
808 silly packumentCache full:https://registry.npmjs.org/escodegen cache-miss
809 http fetch GET 200 https://registry.npmjs.org/escodegen 36ms (cache miss)
810 silly packumentCache full:https://registry.npmjs.org/escodegen set size:undefined disposed:false
811 http fetch GET 200 https://registry.npmjs.org/ast-types 44ms (cache miss)
812 silly packumentCache full:https://registry.npmjs.org/ast-types set size:undefined disposed:false
813 http fetch GET 200 https://registry.npmjs.org/esprima 256ms (cache miss)
814 silly packumentCache full:https://registry.npmjs.org/esprima set size:undefined disposed:false
815 silly placeDep ROOT ast-types@0.13.4 OK for: degenerator@5.0.1 want: ^0.13.4
816 silly placeDep ROOT escodegen@2.1.0 OK for: degenerator@5.0.1 want: ^2.1.0
817 silly placeDep ROOT esprima@4.0.1 OK for: degenerator@5.0.1 want: ^4.0.1
818 silly fetch manifest tslib@^2.0.1
819 silly packumentCache full:https://registry.npmjs.org/tslib cache-miss
820 silly fetch manifest estraverse@^5.2.0
821 silly packumentCache full:https://registry.npmjs.org/estraverse cache-miss
822 silly fetch manifest esutils@^2.0.2
823 silly packumentCache full:https://registry.npmjs.org/esutils cache-miss
824 silly fetch manifest source-map@~0.6.1
825 silly packumentCache full:https://registry.npmjs.org/source-map cache-miss
826 http fetch GET 200 https://registry.npmjs.org/tslib 40ms (cache miss)
827 silly packumentCache full:https://registry.npmjs.org/tslib set size:undefined disposed:false
828 http fetch GET 200 https://registry.npmjs.org/estraverse 41ms (cache miss)
829 silly packumentCache full:https://registry.npmjs.org/estraverse set size:undefined disposed:false
830 http fetch GET 200 https://registry.npmjs.org/source-map 43ms (cache miss)
831 silly packumentCache full:https://registry.npmjs.org/source-map set size:undefined disposed:false
832 http fetch GET 200 https://registry.npmjs.org/esutils 244ms (cache miss)
833 silly packumentCache full:https://registry.npmjs.org/esutils set size:undefined disposed:false
834 silly placeDep ROOT tslib@2.8.1 OK for: ast-types@0.13.4 want: ^2.0.1
835 silly placeDep ROOT estraverse@5.3.0 OK for: escodegen@2.1.0 want: ^5.2.0
836 silly placeDep ROOT esutils@2.0.3 OK for: escodegen@2.1.0 want: ^2.0.2
837 silly placeDep ROOT source-map@0.6.1 OK for: escodegen@2.1.0 want: ~0.6.1
838 silly placeDep ROOT end-of-stream@1.4.5 OK for: pump@3.0.4 want: ^1.1.0
839 silly fetch manifest bufferutil@^4.0.1
840 silly packumentCache full:https://registry.npmjs.org/bufferutil cache-miss
841 http fetch GET 200 https://registry.npmjs.org/bufferutil 36ms (cache miss)
842 silly packumentCache full:https://registry.npmjs.org/bufferutil set size:undefined disposed:false
843 silly fetch manifest utf-8-validate@>=5.0.2
844 silly packumentCache full:https://registry.npmjs.org/utf-8-validate cache-miss
845 http fetch GET 200 https://registry.npmjs.org/utf-8-validate 36ms (cache miss)
846 silly packumentCache full:https://registry.npmjs.org/utf-8-validate set size:undefined disposed:false
847 silly placeDep ROOT webdriver-bidi-protocol@0.4.1 OK for: puppeteer-core@24.41.0 want: 0.4.1
848 silly placeDep ROOT ws@8.20.0 OK for: puppeteer-core@24.41.0 want: ^8.19.0
849 silly placeDep ROOT string_decoder@1.3.0 OK for: readable-stream@3.6.2 want: ^1.1.1
850 silly placeDep ROOT util-deprecate@1.0.2 OK for: readable-stream@3.6.2 want: ^1.0.1
851 silly fetch manifest safe-buffer@~5.2.0
852 silly packumentCache full:https://registry.npmjs.org/safe-buffer cache-miss
853 http cache https://registry.npmjs.org/safe-buffer 2ms (cache hit)
854 silly packumentCache full:https://registry.npmjs.org/safe-buffer set size:41183 disposed:false
855 silly placeDep node_modules/readdir-glob minimatch@5.1.9 OK for: readdir-glob@1.1.3 want: ^5.1.0
856 silly fetch manifest brace-expansion@^2.0.1
857 silly packumentCache full:https://registry.npmjs.org/brace-expansion cache-miss
858 http cache https://registry.npmjs.org/brace-expansion 2ms (cache hit)
859 silly packumentCache full:https://registry.npmjs.org/brace-expansion set size:65768 disposed:false
860 silly placeDep ROOT socks@2.8.7 OK for: socks-proxy-agent@8.0.5 want: ^2.8.3
861 silly fetch manifest ip-address@^10.0.1
862 silly packumentCache full:https://registry.npmjs.org/ip-address cache-miss
863 silly fetch manifest smart-buffer@^4.2.0
864 silly packumentCache full:https://registry.npmjs.org/smart-buffer cache-miss
865 http fetch GET 200 https://registry.npmjs.org/smart-buffer 32ms (cache miss)
866 silly packumentCache full:https://registry.npmjs.org/smart-buffer set size:undefined disposed:false
867 http fetch GET 200 https://registry.npmjs.org/ip-address 34ms (cache miss)
868 silly packumentCache full:https://registry.npmjs.org/ip-address set size:undefined disposed:false
869 silly placeDep ROOT ip-address@10.1.0 OK for: socks@2.8.7 want: ^10.0.1
870 silly placeDep ROOT smart-buffer@4.2.0 OK for: socks@2.8.7 want: ^4.2.0
871 silly placeDep ROOT safe-buffer@5.2.1 OK for: string_decoder@1.3.0 want: ~5.2.0
872 silly fetch manifest bare-buffer@*
873 silly packumentCache full:https://registry.npmjs.org/bare-buffer cache-miss
874 http fetch GET 200 https://registry.npmjs.org/bare-buffer 32ms (cache miss)
875 silly packumentCache full:https://registry.npmjs.org/bare-buffer set size:undefined disposed:false
876 silly placeDep ROOT bare-fs@4.7.1 OK for: tar-fs@3.1.2 want: ^4.0.1
877 silly placeDep ROOT bare-path@3.0.0 OK for: tar-fs@3.1.2 want: ^3.0.0
878 silly placeDep node_modules/tar-fs tar-stream@3.1.8 OK for: tar-fs@3.1.2 want: ^3.1.5
879 silly fetch manifest bare-events@^2.5.4
880 silly packumentCache full:https://registry.npmjs.org/bare-events cache-miss
881 silly fetch manifest bare-stream@^2.6.4
882 silly packumentCache full:https://registry.npmjs.org/bare-stream cache-miss
883 silly fetch manifest bare-url@^2.2.2
884 silly packumentCache full:https://registry.npmjs.org/bare-url cache-miss
885 silly fetch manifest fast-fifo@^1.3.2
886 silly packumentCache full:https://registry.npmjs.org/fast-fifo cache-miss
887 silly fetch manifest bare-os@^3.0.1
888 silly packumentCache full:https://registry.npmjs.org/bare-os cache-miss
889 silly fetch manifest b4a@^1.6.4
890 silly packumentCache full:https://registry.npmjs.org/b4a cache-miss
891 silly fetch manifest fast-fifo@^1.2.0
892 silly packumentCache full:https://registry.npmjs.org/fast-fifo cache-miss
893 silly fetch manifest streamx@^2.15.0
894 silly packumentCache full:https://registry.npmjs.org/streamx cache-miss
895 http fetch GET 200 https://registry.npmjs.org/bare-events 30ms (cache miss)
896 silly packumentCache full:https://registry.npmjs.org/bare-events set size:undefined disposed:false
897 http fetch GET 200 https://registry.npmjs.org/fast-fifo 41ms (cache miss)
898 silly packumentCache full:https://registry.npmjs.org/fast-fifo set size:undefined disposed:false
899 http fetch GET 200 https://registry.npmjs.org/bare-url 41ms (cache miss)
900 silly packumentCache full:https://registry.npmjs.org/bare-url set size:undefined disposed:false
901 http fetch GET 200 https://registry.npmjs.org/fast-fifo 42ms (cache miss)
902 silly packumentCache full:https://registry.npmjs.org/fast-fifo set size:undefined disposed:false
903 http fetch GET 200 https://registry.npmjs.org/bare-stream 44ms (cache miss)
904 silly packumentCache full:https://registry.npmjs.org/bare-stream set size:undefined disposed:false
905 http fetch GET 200 https://registry.npmjs.org/bare-os 43ms (cache miss)
906 silly packumentCache full:https://registry.npmjs.org/bare-os set size:undefined disposed:false
907 http fetch GET 200 https://registry.npmjs.org/b4a 44ms (cache miss)
908 silly packumentCache full:https://registry.npmjs.org/b4a set size:undefined disposed:false
909 http fetch GET 200 https://registry.npmjs.org/streamx 320ms (cache miss)
910 silly packumentCache full:https://registry.npmjs.org/streamx set size:undefined disposed:false
911 silly fetch manifest bare-abort-controller@*
912 silly packumentCache full:https://registry.npmjs.org/bare-abort-controller cache-miss
913 http fetch GET 200 https://registry.npmjs.org/bare-abort-controller 29ms (cache miss)
914 silly packumentCache full:https://registry.npmjs.org/bare-abort-controller set size:undefined disposed:false
915 silly placeDep ROOT bare-events@2.8.2 OK for: bare-fs@4.7.1 want: ^2.5.4
916 silly placeDep ROOT bare-stream@2.13.0 OK for: bare-fs@4.7.1 want: ^2.6.4
917 silly placeDep ROOT bare-url@2.4.0 OK for: bare-fs@4.7.1 want: ^2.2.2
918 silly placeDep ROOT fast-fifo@1.3.2 OK for: bare-fs@4.7.1 want: ^1.3.2
919 silly fetch manifest streamx@^2.25.0
920 silly packumentCache full:https://registry.npmjs.org/streamx cache-miss
921 silly fetch manifest teex@^1.0.1
922 silly packumentCache full:https://registry.npmjs.org/teex cache-miss
923 http cache https://registry.npmjs.org/streamx 5ms (cache hit)
924 silly packumentCache full:https://registry.npmjs.org/streamx set size:160396 disposed:false
925 http fetch GET 200 https://registry.npmjs.org/teex 29ms (cache miss)
926 silly packumentCache full:https://registry.npmjs.org/teex set size:undefined disposed:false
927 silly placeDep ROOT bare-os@3.8.7 OK for: bare-path@3.0.0 want: ^3.0.1
928 silly placeDep ROOT streamx@2.25.0 OK for: bare-stream@2.13.0 want: ^2.25.0
929 silly placeDep ROOT teex@1.0.1 OK for: bare-stream@2.13.0 want: ^1.0.1
930 silly fetch manifest events-universal@^1.0.0
931 silly packumentCache full:https://registry.npmjs.org/events-universal cache-miss
932 silly fetch manifest text-decoder@^1.1.0
933 silly packumentCache full:https://registry.npmjs.org/text-decoder cache-miss
934 http fetch GET 200 https://registry.npmjs.org/events-universal 25ms (cache miss)
935 silly packumentCache full:https://registry.npmjs.org/events-universal set size:undefined disposed:false
936 http fetch GET 200 https://registry.npmjs.org/text-decoder 254ms (cache miss)
937 silly packumentCache full:https://registry.npmjs.org/text-decoder set size:undefined disposed:false
938 silly placeDep ROOT events-universal@1.0.1 OK for: streamx@2.25.0 want: ^1.0.0
939 silly placeDep ROOT text-decoder@1.2.7 OK for: streamx@2.25.0 want: ^1.1.0
940 silly placeDep ROOT bl@4.1.0 OK for: tar-stream@2.2.0 want: ^4.0.3
941 silly placeDep ROOT fs-constants@1.0.0 OK for: tar-stream@2.2.0 want: ^1.0.0
942 silly fetch manifest buffer@^5.5.0
943 silly packumentCache full:https://registry.npmjs.org/buffer cache-miss
944 http fetch GET 200 https://registry.npmjs.org/buffer 39ms (cache miss)
945 silly packumentCache full:https://registry.npmjs.org/buffer set size:undefined disposed:false
946 silly placeDep ROOT buffer@5.7.1 OK for: bl@4.1.0 want: ^5.5.0
947 silly fetch manifest base64-js@^1.3.1
948 silly packumentCache full:https://registry.npmjs.org/base64-js cache-miss
949 silly fetch manifest ieee754@^1.1.13
950 silly packumentCache full:https://registry.npmjs.org/ieee754 cache-miss
951 http fetch GET 200 https://registry.npmjs.org/ieee754 31ms (cache miss)
952 silly packumentCache full:https://registry.npmjs.org/ieee754 set size:undefined disposed:false
953 http fetch GET 200 https://registry.npmjs.org/base64-js 33ms (cache miss)
954 silly packumentCache full:https://registry.npmjs.org/base64-js set size:undefined disposed:false
955 silly placeDep ROOT base64-js@1.5.1 OK for: buffer@5.7.1 want: ^1.3.1
956 silly placeDep ROOT ieee754@1.2.1 OK for: buffer@5.7.1 want: ^1.1.13
957 silly fetch manifest react-native-b4a@*
958 silly packumentCache full:https://registry.npmjs.org/react-native-b4a cache-miss
959 http fetch GET 200 https://registry.npmjs.org/react-native-b4a 109ms (cache miss)
960 silly packumentCache full:https://registry.npmjs.org/react-native-b4a set size:undefined disposed:false
961 silly fetch manifest react@*
962 silly packumentCache full:https://registry.npmjs.org/react cache-miss
963 http fetch GET 200 https://registry.npmjs.org/react 214ms (cache miss)
964 silly packumentCache full:https://registry.npmjs.org/react set size:undefined disposed:false
965 silly fetch manifest react-native@*
966 silly packumentCache full:https://registry.npmjs.org/react-native cache-miss
967 http fetch GET 200 https://registry.npmjs.org/react-native 363ms (cache miss)
968 silly packumentCache full:https://registry.npmjs.org/react-native set size:undefined disposed:false
969 silly fetch manifest @react-native/jest-preset@0.85.1
970 silly packumentCache full:https://registry.npmjs.org/@react-native%2fjest-preset cache-miss
971 http fetch GET 200 https://registry.npmjs.org/@react-native%2fjest-preset 118ms (cache miss)
972 silly packumentCache full:https://registry.npmjs.org/@react-native%2fjest-preset set size:undefined disposed:false
973 silly fetch manifest @types/react@^19.1.1
974 silly packumentCache full:https://registry.npmjs.org/@types%2freact cache-miss
975 http fetch GET 200 https://registry.npmjs.org/@types%2freact 101ms (cache miss)
976 silly packumentCache full:https://registry.npmjs.org/@types%2freact set size:undefined disposed:false
977 silly placeDep ROOT b4a@1.8.0 OK for: text-decoder@1.2.7 want: ^1.6.4
978 silly placeDep ROOT big-integer@1.6.52 OK for: unzipper@0.10.14 want: ^1.6.17
979 silly placeDep ROOT binary@0.3.0 OK for: unzipper@0.10.14 want: ~0.3.0
980 silly placeDep ROOT bluebird@3.4.7 OK for: unzipper@0.10.14 want: ~3.4.1
981 silly placeDep ROOT buffer-indexof-polyfill@1.0.2 OK for: unzipper@0.10.14 want: ~1.0.0
982 silly placeDep ROOT duplexer2@0.1.4 OK for: unzipper@0.10.14 want: ~0.1.4
983 silly placeDep ROOT fstream@1.0.12 OK for: unzipper@0.10.14 want: ^1.0.12
984 silly placeDep ROOT listenercount@1.0.1 OK for: unzipper@0.10.14 want: ~1.0.1
985 silly placeDep node_modules/unzipper readable-stream@2.3.8 OK for: unzipper@0.10.14 want: ~2.3.6
986 silly placeDep ROOT setimmediate@1.0.5 OK for: unzipper@0.10.14 want: ~1.0.4
987 silly fetch manifest chainsaw@~0.1.0
988 silly packumentCache full:https://registry.npmjs.org/chainsaw cache-miss
989 silly fetch manifest buffers@~0.1.1
990 silly packumentCache full:https://registry.npmjs.org/buffers cache-miss
991 silly fetch manifest readable-stream@^2.0.2
992 silly packumentCache full:https://registry.npmjs.org/readable-stream cache-hit
993 silly fetch manifest mkdirp@>=0.5 0
994 silly packumentCache full:https://registry.npmjs.org/mkdirp cache-miss
995 silly fetch manifest rimraf@2
996 silly packumentCache full:https://registry.npmjs.org/rimraf cache-miss
997 http fetch GET 200 https://registry.npmjs.org/chainsaw 27ms (cache miss)
998 silly packumentCache full:https://registry.npmjs.org/chainsaw set size:undefined disposed:false
999 http fetch GET 200 https://registry.npmjs.org/buffers 27ms (cache miss)
1000 silly packumentCache full:https://registry.npmjs.org/buffers set size:undefined disposed:false
1001 http fetch GET 200 https://registry.npmjs.org/mkdirp 41ms (cache miss)
1002 silly packumentCache full:https://registry.npmjs.org/mkdirp set size:undefined disposed:false
1003 http fetch GET 200 https://registry.npmjs.org/rimraf 41ms (cache miss)
1004 silly packumentCache full:https://registry.npmjs.org/rimraf set size:undefined disposed:false
1005 silly placeDep ROOT buffers@0.1.1 OK for: binary@0.3.0 want: ~0.1.1
1006 silly placeDep ROOT chainsaw@0.1.0 OK for: binary@0.3.0 want: ~0.1.0
1007 silly fetch manifest traverse@>=0.3.0 <0.4
1008 silly packumentCache full:https://registry.npmjs.org/traverse cache-miss
1009 http fetch GET 200 https://registry.npmjs.org/traverse 113ms (cache miss)
1010 silly packumentCache full:https://registry.npmjs.org/traverse set size:undefined disposed:false
1011 silly placeDep ROOT traverse@0.3.9 OK for: chainsaw@0.1.0 want: >=0.3.0 <0.4
1012 silly placeDep node_modules/duplexer2 readable-stream@2.3.8 OK for: duplexer2@0.1.4 want: ^2.0.2
1013 silly placeDep ROOT mkdirp@0.5.6 OK for: fstream@1.0.12 want: >=0.5 0
1014 silly placeDep ROOT rimraf@2.7.1 OK for: fstream@1.0.12 want: 2
1015 silly fetch manifest minimist@^1.2.6
1016 silly packumentCache full:https://registry.npmjs.org/minimist cache-miss
1017 http fetch GET 200 https://registry.npmjs.org/minimist 35ms (cache miss)
1018 silly packumentCache full:https://registry.npmjs.org/minimist set size:undefined disposed:false
1019 silly placeDep ROOT minimist@1.2.8 OK for: mkdirp@0.5.6 want: ^1.2.6
1020 silly placeDep ROOT tr46@0.0.3 OK for: whatwg-url@5.0.0 want: ~0.0.3
1021 silly placeDep ROOT webidl-conversions@3.0.1 OK for: whatwg-url@5.0.0 want: ^3.0.0
1022 silly placeDep ROOT isexe@2.0.0 OK for: which@1.3.1 want: ^2.0.0
1023 silly placeDep ROOT cliui@8.0.1 OK for: yargs@17.7.2 want: ^8.0.1
1024 silly placeDep ROOT escalade@3.2.0 OK for: yargs@17.7.2 want: ^3.1.1
1025 silly placeDep ROOT get-caller-file@2.0.5 OK for: yargs@17.7.2 want: ^2.0.5
1026 silly placeDep ROOT require-directory@2.1.1 OK for: yargs@17.7.2 want: ^2.1.1
1027 silly placeDep ROOT string-width@4.2.3 OK for: yargs@17.7.2 want: ^4.2.3
1028 silly placeDep ROOT y18n@5.0.8 OK for: yargs@17.7.2 want: ^5.0.5
1029 silly placeDep ROOT yargs-parser@21.1.1 OK for: yargs@17.7.2 want: ^21.1.1
1030 silly fetch manifest wrap-ansi@^7.0.0
1031 silly packumentCache full:https://registry.npmjs.org/wrap-ansi cache-miss
1032 silly fetch manifest strip-ansi@^6.0.1
1033 silly packumentCache full:https://registry.npmjs.org/strip-ansi cache-miss
1034 silly fetch manifest string-width@^4.2.0
1035 silly packumentCache full:https://registry.npmjs.org/string-width cache-miss
1036 silly fetch manifest strip-ansi@^6.0.1
1037 silly packumentCache full:https://registry.npmjs.org/strip-ansi cache-miss
1038 silly fetch manifest emoji-regex@^8.0.0
1039 silly packumentCache full:https://registry.npmjs.org/emoji-regex cache-miss
1040 silly fetch manifest is-fullwidth-code-point@^3.0.0
1041 silly packumentCache full:https://registry.npmjs.org/is-fullwidth-code-point cache-miss
1042 http cache https://registry.npmjs.org/string-width 4ms (cache hit)
1043 silly packumentCache full:https://registry.npmjs.org/string-width set size:68305 disposed:false
1044 http fetch GET 200 https://registry.npmjs.org/is-fullwidth-code-point 25ms (cache miss)
1045 silly packumentCache full:https://registry.npmjs.org/is-fullwidth-code-point set size:undefined disposed:false
1046 http fetch GET 200 https://registry.npmjs.org/wrap-ansi 28ms (cache miss)
1047 silly packumentCache full:https://registry.npmjs.org/wrap-ansi set size:undefined disposed:false
1048 http fetch GET 200 https://registry.npmjs.org/strip-ansi 37ms (cache miss)
1049 silly packumentCache full:https://registry.npmjs.org/strip-ansi set size:undefined disposed:false
1050 http fetch GET 200 https://registry.npmjs.org/emoji-regex 36ms (cache miss)
1051 silly packumentCache full:https://registry.npmjs.org/emoji-regex set size:undefined disposed:false
1052 http fetch GET 200 https://registry.npmjs.org/strip-ansi 38ms (cache miss)
1053 silly packumentCache full:https://registry.npmjs.org/strip-ansi set size:undefined disposed:false
1054 silly placeDep ROOT strip-ansi@6.0.1 OK for: cliui@8.0.1 want: ^6.0.1
1055 silly placeDep ROOT wrap-ansi@7.0.0 OK for: cliui@8.0.1 want: ^7.0.0
1056 silly fetch manifest ansi-regex@^5.0.1
1057 silly packumentCache full:https://registry.npmjs.org/ansi-regex cache-miss
1058 silly fetch manifest ansi-styles@^4.0.0
1059 silly packumentCache full:https://registry.npmjs.org/ansi-styles cache-miss
1060 http fetch GET 200 https://registry.npmjs.org/ansi-regex 27ms (cache miss)
1061 silly packumentCache full:https://registry.npmjs.org/ansi-regex set size:undefined disposed:false
1062 http fetch GET 200 https://registry.npmjs.org/ansi-styles 29ms (cache miss)
1063 silly packumentCache full:https://registry.npmjs.org/ansi-styles set size:undefined disposed:false
1064 silly placeDep ROOT emoji-regex@8.0.0 OK for: string-width@4.2.3 want: ^8.0.0
1065 silly placeDep ROOT is-fullwidth-code-point@3.0.0 OK for: string-width@4.2.3 want: ^3.0.0
1066 silly placeDep ROOT ansi-regex@5.0.1 OK for: strip-ansi@6.0.1 want: ^5.0.1
1067 silly placeDep ROOT ansi-styles@4.3.0 OK for: wrap-ansi@7.0.0 want: ^4.0.0
1068 silly fetch manifest color-convert@^2.0.1
1069 silly packumentCache full:https://registry.npmjs.org/color-convert cache-miss
1070 http fetch GET 200 https://registry.npmjs.org/color-convert 27ms (cache miss)
1071 silly packumentCache full:https://registry.npmjs.org/color-convert set size:undefined disposed:false
1072 silly placeDep ROOT color-convert@2.0.1 OK for: ansi-styles@4.3.0 want: ^2.0.1
1073 silly fetch manifest color-name@~1.1.4
1074 silly packumentCache full:https://registry.npmjs.org/color-name cache-miss
1075 http fetch GET 200 https://registry.npmjs.org/color-name 41ms (cache miss)
1076 silly packumentCache full:https://registry.npmjs.org/color-name set size:undefined disposed:false
1077 silly placeDep ROOT color-name@1.1.4 OK for: color-convert@2.0.1 want: ~1.1.4
1078 silly placeDep ROOT fd-slicer@1.1.0 OK for: yauzl@2.10.0 want: ~1.1.0
1079 silly fetch manifest pend@~1.2.0
1080 silly packumentCache full:https://registry.npmjs.org/pend cache-miss
1081 http fetch GET 200 https://registry.npmjs.org/pend 28ms (cache miss)
1082 silly packumentCache full:https://registry.npmjs.org/pend set size:undefined disposed:false
1083 silly placeDep ROOT pend@1.2.0 OK for: fd-slicer@1.1.0 want: ~1.2.0
1084 silly placeDep node_modules/zip-stream archiver-utils@3.0.4 OK for: zip-stream@4.1.1 want: ^3.0.4
1085 silly placeDep ROOT compress-commons@4.1.2 OK for: zip-stream@4.1.1 want: ^4.1.2
1086 silly fetch manifest crc32-stream@^4.0.2
1087 silly packumentCache full:https://registry.npmjs.org/crc32-stream cache-miss
1088 http fetch GET 200 https://registry.npmjs.org/crc32-stream 31ms (cache miss)
1089 silly packumentCache full:https://registry.npmjs.org/crc32-stream set size:undefined disposed:false
1090 silly placeDep ROOT crc32-stream@4.0.3 OK for: compress-commons@4.1.2 want: ^4.0.2
1091 silly fetch manifest crc-32@^1.2.0
1092 silly packumentCache full:https://registry.npmjs.org/crc-32 cache-miss
1093 http fetch GET 200 https://registry.npmjs.org/crc-32 30ms (cache miss)
1094 silly packumentCache full:https://registry.npmjs.org/crc-32 set size:undefined disposed:false
1095 silly placeDep ROOT crc-32@1.2.2 OK for: crc32-stream@4.0.3 want: ^1.2.0
1096 silly placeDep ROOT core-util-is@1.0.3 OK for: readable-stream@2.3.8 want: ~1.0.0
1097 silly placeDep ROOT isarray@1.0.0 OK for: readable-stream@2.3.8 want: ~1.0.0
1098 silly placeDep ROOT process-nextick-args@2.0.1 OK for: readable-stream@2.3.8 want: ~2.0.0
1099 silly placeDep node_modules/archiver-utils safe-buffer@5.1.2 OK for: readable-stream@2.3.8 want: ~5.1.1
1100 silly placeDep node_modules/archiver-utils string_decoder@1.1.1 OK for: readable-stream@2.3.8 want: ~1.1.1
1101 silly placeDep node_modules/duplexer2 safe-buffer@5.1.2 OK for: readable-stream@2.3.8 want: ~5.1.1
1102 silly placeDep node_modules/duplexer2 string_decoder@1.1.1 OK for: readable-stream@2.3.8 want: ~1.1.1
1103 silly placeDep node_modules/lazystream safe-buffer@5.1.2 OK for: readable-stream@2.3.8 want: ~5.1.1
1104 silly placeDep node_modules/lazystream string_decoder@1.1.1 OK for: readable-stream@2.3.8 want: ~1.1.1
1105 silly placeDep node_modules/readdir-glob brace-expansion@2.1.0 OK for: minimatch@5.1.9 want: ^2.0.1
1106 silly placeDep node_modules/unzipper safe-buffer@5.1.2 OK for: readable-stream@2.3.8 want: ~5.1.1
1107 silly placeDep node_modules/unzipper string_decoder@1.1.1 OK for: readable-stream@2.3.8 want: ~1.1.1
1108 silly reify moves {}
1109 silly audit bulk request {
1109 silly audit   axios: [ '1.15.0' ],
1109 silly audit   'qrcode-terminal': [ '0.12.0' ],
1109 silly audit   'whatsapp-web.js': [ '1.34.6' ],
1109 silly audit   'follow-redirects': [ '1.16.0' ],
1109 silly audit   'form-data': [ '4.0.5' ],
1109 silly audit   'proxy-from-env': [ '2.1.0', '1.1.0' ],
1109 silly audit   asynckit: [ '0.4.0' ],
1109 silly audit   'combined-stream': [ '1.0.8' ],
1109 silly audit   'es-set-tostringtag': [ '2.1.0' ],
1109 silly audit   hasown: [ '2.0.3' ],
1109 silly audit   'mime-types': [ '2.1.35' ],
1109 silly audit   'delayed-stream': [ '1.0.0' ],
1109 silly audit   'es-errors': [ '1.3.0' ],
1109 silly audit   'get-intrinsic': [ '1.3.0' ],
1109 silly audit   'has-tostringtag': [ '1.0.2' ],
1109 silly audit   'call-bind-apply-helpers': [ '1.0.2' ],
1109 silly audit   'es-define-property': [ '1.0.1' ],
1109 silly audit   'es-object-atoms': [ '1.1.1' ],
1109 silly audit   'function-bind': [ '1.1.2' ],
1109 silly audit   'get-proto': [ '1.0.1' ],
1109 silly audit   gopd: [ '1.2.0' ],
1109 silly audit   'has-symbols': [ '1.1.0' ],
1109 silly audit   'math-intrinsics': [ '1.1.0' ],
1109 silly audit   'dunder-proto': [ '1.0.1' ],
1109 silly audit   'mime-db': [ '1.52.0' ],
1109 silly audit   '@pedroslopez/moduleraid': [ '5.0.2' ],
1109 silly audit   archiver: [ '5.3.2' ],
1109 silly audit   'fluent-ffmpeg': [ '2.1.3' ],
1109 silly audit   'fs-extra': [ '10.1.0' ],
1109 silly audit   mime: [ '3.0.0' ],
1109 silly audit   'node-fetch': [ '2.7.0' ],
1109 silly audit   'node-webpmux': [ '3.1.7' ],
1109 silly audit   puppeteer: [ '24.41.0' ],
1109 silly audit   unzipper: [ '0.10.14' ],
1109 silly audit   'archiver-utils': [ '2.1.0', '3.0.4' ],
1109 silly audit   async: [ '3.2.6', '0.2.10' ],
1109 silly audit   'buffer-crc32': [ '0.2.13' ],
1109 silly audit   'readable-stream': [ '3.6.2', '2.3.8' ],
1109 silly audit   'readdir-glob': [ '1.1.3' ],
1109 silly audit   'tar-stream': [ '2.2.0', '3.1.8' ],
1109 silly audit   'zip-stream': [ '4.1.1' ],
1109 silly audit   glob: [ '7.2.3' ],
1109 silly audit   'graceful-fs': [ '4.2.11' ],
1109 silly audit   lazystream: [ '1.0.1' ],
1109 silly audit   'lodash.defaults': [ '4.2.0' ],
1109 silly audit   'lodash.difference': [ '4.5.0' ],
1109 silly audit   'lodash.flatten': [ '4.4.0' ],
1109 silly audit   'lodash.isplainobject': [ '4.0.6' ],
1109 silly audit   'lodash.union': [ '4.6.0' ],
1109 silly audit   'normalize-path': [ '3.0.0' ],
1109 silly audit   which: [ '1.3.1' ],
1109 silly audit   jsonfile: [ '6.2.0' ],
1109 silly audit   universalify: [ '2.0.1' ],
1109 silly audit   'fs.realpath': [ '1.0.0' ],
1109 silly audit   inflight: [ '1.0.6' ],
1109 silly audit   inherits: [ '2.0.4' ],
1109 silly audit   minimatch: [ '3.1.5', '5.1.9' ],
1109 silly audit   once: [ '1.4.0' ],
1109 silly audit   'path-is-absolute': [ '1.0.1' ],
1109 silly audit   wrappy: [ '1.0.2' ],
1109 silly audit   'brace-expansion': [ '1.1.14', '2.1.0' ],
1109 silly audit   'balanced-match': [ '1.0.2' ],
1109 silly audit   'concat-map': [ '0.0.1' ],
1109 silly audit   'whatwg-url': [ '5.0.0' ],
1109 silly audit   '@puppeteer/browsers': [ '2.13.0' ],
1109 silly audit   'chromium-bidi': [ '14.0.0' ],
1109 silly audit   'devtools-protocol': [ '0.0.1595872' ],
1109 silly audit   cosmiconfig: [ '9.0.1' ],
1109 silly audit   'puppeteer-core': [ '24.41.0' ],
1109 silly audit   'typed-query-selector': [ '2.12.1' ],
1109 silly audit   debug: [ '4.4.3' ],
1109 silly audit   'extract-zip': [ '2.0.1' ],
1109 silly audit   progress: [ '2.0.3' ],
1109 silly audit   'proxy-agent': [ '6.5.0' ],
1109 silly audit   semver: [ '7.7.4' ],
1109 silly audit   'tar-fs': [ '3.1.2' ],
1109 silly audit   yargs: [ '17.7.2' ],
1109 silly audit   mitt: [ '3.0.1' ],
1109 silly audit   zod: [ '3.25.76' ],
1109 silly audit   'env-paths': [ '2.2.1' ],
1109 silly audit   'import-fresh': [ '3.3.1' ],
1109 silly audit   'js-yaml': [ '4.1.1' ],
1109 silly audit   'parse-json': [ '5.2.0' ],
1109 silly audit   ms: [ '2.1.3' ],
1109 silly audit   '@types/yauzl': [ '2.10.3' ],
1109 silly audit   'get-stream': [ '5.2.0' ],
1109 silly audit   yauzl: [ '2.10.0' ],
1109 silly audit   '@types/node': [ '25.6.0' ],
1109 silly audit   'undici-types': [ '7.19.2' ],
1109 silly audit   pump: [ '3.0.4' ],
1109 silly audit   'parent-module': [ '1.0.1' ],
1109 silly audit   'resolve-from': [ '4.0.0' ],
1109 silly audit   argparse: [ '2.0.1' ],
1109 silly audit   callsites: [ '3.1.0' ],
1109 silly audit   '@babel/code-frame': [ '7.29.0' ],
1109 silly audit   'error-ex': [ '1.3.4' ],
1109 silly audit   'json-parse-even-better-errors': [ '2.3.1' ],
1109 silly audit   'lines-and-columns': [ '1.2.4' ],
1109 silly audit   '@babel/helper-validator-identifier': [ '7.28.5' ],
1109 silly audit   'js-tokens': [ '4.0.0' ],
1109 silly audit   picocolors: [ '1.1.1' ],
1109 silly audit   'is-arrayish': [ '0.2.1' ],
1109 silly audit   'agent-base': [ '7.1.4' ],
1109 silly audit   'http-proxy-agent': [ '7.0.2' ],
1109 silly audit   'https-proxy-agent': [ '7.0.6' ],
1109 silly audit   'lru-cache': [ '7.18.3' ],
1109 silly audit   'pac-proxy-agent': [ '7.2.0' ],
1109 silly audit   'socks-proxy-agent': [ '8.0.5' ],
1109 silly audit   '@tootallnate/quickjs-emscripten': [ '0.23.0' ],
1109 silly audit   'get-uri': [ '6.0.5' ],
1109 silly audit   'pac-resolver': [ '7.0.1' ],
1109 silly audit   'basic-ftp': [ '5.3.0' ],
1109 silly audit   'data-uri-to-buffer': [ '6.0.2' ],
1109 silly audit   degenerator: [ '5.0.1' ],
1109 silly audit   netmask: [ '2.1.1' ],
1109 silly audit   'ast-types': [ '0.13.4' ],
1109 silly audit   escodegen: [ '2.1.0' ],
1109 silly audit   esprima: [ '4.0.1' ],
1109 silly audit   tslib: [ '2.8.1' ],
1109 silly audit   estraverse: [ '5.3.0' ],
1109 silly audit   esutils: [ '2.0.3' ],
1109 silly audit   'source-map': [ '0.6.1' ],
1109 silly audit   'end-of-stream': [ '1.4.5' ],
1109 silly audit   'webdriver-bidi-protocol': [ '0.4.1' ],
1109 silly audit   ws: [ '8.20.0' ],
1109 silly audit   string_decoder: [ '1.3.0', '1.1.1' ],
1109 silly audit   'util-deprecate': [ '1.0.2' ],
1109 silly audit   socks: [ '2.8.7' ],
1109 silly audit   'ip-address': [ '10.1.0' ],
1109 silly audit   'smart-buffer': [ '4.2.0' ],
1109 silly audit   'safe-buffer': [ '5.2.1', '5.1.2' ],
1109 silly audit   'bare-fs': [ '4.7.1' ],
1109 silly audit   'bare-path': [ '3.0.0' ],
1109 silly audit   'bare-events': [ '2.8.2' ],
1109 silly audit   'bare-stream': [ '2.13.0' ],
1109 silly audit   'bare-url': [ '2.4.0' ],
1109 silly audit   'fast-fifo': [ '1.3.2' ],
1109 silly audit   'bare-os': [ '3.8.7' ],
1109 silly audit   streamx: [ '2.25.0' ],
1109 silly audit   teex: [ '1.0.1' ],
1109 silly audit   'events-universal': [ '1.0.1' ],
1109 silly audit   'text-decoder': [ '1.2.7' ],
1109 silly audit   bl: [ '4.1.0' ],
1109 silly audit   'fs-constants': [ '1.0.0' ],
1109 silly audit   buffer: [ '5.7.1' ],
1109 silly audit   'base64-js': [ '1.5.1' ],
1109 silly audit   ieee754: [ '1.2.1' ],
1109 silly audit   b4a: [ '1.8.0' ],
1109 silly audit   'big-integer': [ '1.6.52' ],
1109 silly audit   binary: [ '0.3.0' ],
1109 silly audit   bluebird: [ '3.4.7' ],
1109 silly audit   'buffer-indexof-polyfill': [ '1.0.2' ],
1109 silly audit   duplexer2: [ '0.1.4' ],
1109 silly audit   fstream: [ '1.0.12' ],
1109 silly audit   listenercount: [ '1.0.1' ],
1109 silly audit   setimmediate: [ '1.0.5' ],
1109 silly audit   buffers: [ '0.1.1' ],
1109 silly audit   chainsaw: [ '0.1.0' ],
1109 silly audit   traverse: [ '0.3.9' ],
1109 silly audit   mkdirp: [ '0.5.6' ],
1109 silly audit   rimraf: [ '2.7.1' ],
1109 silly audit   minimist: [ '1.2.8' ],
1109 silly audit   tr46: [ '0.0.3' ],
1109 silly audit   'webidl-conversions': [ '3.0.1' ],
1109 silly audit   isexe: [ '2.0.0' ],
1109 silly audit   cliui: [ '8.0.1' ],
1109 silly audit   escalade: [ '3.2.0' ],
1109 silly audit   'get-caller-file': [ '2.0.5' ],
1109 silly audit   'require-directory': [ '2.1.1' ],
1109 silly audit   'string-width': [ '4.2.3' ],
1109 silly audit   y18n: [ '5.0.8' ],
1109 silly audit   'yargs-parser': [ '21.1.1' ],
1109 silly audit   'strip-ansi': [ '6.0.1' ],
1109 silly audit   'wrap-ansi': [ '7.0.0' ],
1109 silly audit   'emoji-regex': [ '8.0.0' ],
1109 silly audit   'is-fullwidth-code-point': [ '3.0.0' ],
1109 silly audit   'ansi-regex': [ '5.0.1' ],
1109 silly audit   'ansi-styles': [ '4.3.0' ],
1109 silly audit   'color-convert': [ '2.0.1' ],
1109 silly audit   'color-name': [ '1.1.4' ],
1109 silly audit   'fd-slicer': [ '1.1.0' ],
1109 silly audit   pend: [ '1.2.0' ],
1109 silly audit   'compress-commons': [ '4.1.2' ],
1109 silly audit   'crc32-stream': [ '4.0.3' ],
1109 silly audit   'crc-32': [ '1.2.2' ],
1109 silly audit   'core-util-is': [ '1.0.3' ],
1109 silly audit   isarray: [ '1.0.0' ],
1109 silly audit   'process-nextick-args': [ '2.0.1' ]
1109 silly audit }
1110 http cache process-nextick-args@https://registry.npmjs.org/process-nextick-args/-/process-nextick-args-2.0.1.tgz 0ms (cache hit)
1111 http cache core-util-is@https://registry.npmjs.org/core-util-is/-/core-util-is-1.0.3.tgz 0ms (cache hit)
1112 http cache isarray@https://registry.npmjs.org/isarray/-/isarray-1.0.0.tgz 0ms (cache hit)
1113 http cache compress-commons@https://registry.npmjs.org/compress-commons/-/compress-commons-4.1.2.tgz 0ms (cache hit)
1114 http cache pend@https://registry.npmjs.org/pend/-/pend-1.2.0.tgz 0ms (cache hit)
1115 http cache crc-32@https://registry.npmjs.org/crc-32/-/crc-32-1.2.2.tgz 0ms (cache hit)
1116 http cache fd-slicer@https://registry.npmjs.org/fd-slicer/-/fd-slicer-1.1.0.tgz 0ms (cache hit)
1117 http cache color-name@https://registry.npmjs.org/color-name/-/color-name-1.1.4.tgz 0ms (cache hit)
1118 http cache color-convert@https://registry.npmjs.org/color-convert/-/color-convert-2.0.1.tgz 0ms (cache hit)
1119 http cache ansi-styles@https://registry.npmjs.org/ansi-styles/-/ansi-styles-4.3.0.tgz 0ms (cache hit)
1120 http cache ansi-regex@https://registry.npmjs.org/ansi-regex/-/ansi-regex-5.0.1.tgz 0ms (cache hit)
1121 http cache is-fullwidth-code-point@https://registry.npmjs.org/is-fullwidth-code-point/-/is-fullwidth-code-point-3.0.0.tgz 0ms (cache hit)
1122 http cache emoji-regex@https://registry.npmjs.org/emoji-regex/-/emoji-regex-8.0.0.tgz 0ms (cache hit)
1123 http cache wrap-ansi@https://registry.npmjs.org/wrap-ansi/-/wrap-ansi-7.0.0.tgz 0ms (cache hit)
1124 http cache strip-ansi@https://registry.npmjs.org/strip-ansi/-/strip-ansi-6.0.1.tgz 0ms (cache hit)
1125 http cache yargs-parser@https://registry.npmjs.org/yargs-parser/-/yargs-parser-21.1.1.tgz 0ms (cache hit)
1126 http cache y18n@https://registry.npmjs.org/y18n/-/y18n-5.0.8.tgz 0ms (cache hit)
1127 http cache string-width@https://registry.npmjs.org/string-width/-/string-width-4.2.3.tgz 0ms (cache hit)
1128 http cache require-directory@https://registry.npmjs.org/require-directory/-/require-directory-2.1.1.tgz 0ms (cache hit)
1129 http cache get-caller-file@https://registry.npmjs.org/get-caller-file/-/get-caller-file-2.0.5.tgz 0ms (cache hit)
1130 http cache escalade@https://registry.npmjs.org/escalade/-/escalade-3.2.0.tgz 0ms (cache hit)
1131 http cache cliui@https://registry.npmjs.org/cliui/-/cliui-8.0.1.tgz 0ms (cache hit)
1132 http cache isexe@https://registry.npmjs.org/isexe/-/isexe-2.0.0.tgz 0ms (cache hit)
1133 http cache webidl-conversions@https://registry.npmjs.org/webidl-conversions/-/webidl-conversions-3.0.1.tgz 0ms (cache hit)
1134 http cache tr46@https://registry.npmjs.org/tr46/-/tr46-0.0.3.tgz 0ms (cache hit)
1135 http cache minimist@https://registry.npmjs.org/minimist/-/minimist-1.2.8.tgz 0ms (cache hit)
1136 http cache rimraf@https://registry.npmjs.org/rimraf/-/rimraf-2.7.1.tgz 0ms (cache hit)
1137 http cache mkdirp@https://registry.npmjs.org/mkdirp/-/mkdirp-0.5.6.tgz 0ms (cache hit)
1138 http cache traverse@https://registry.npmjs.org/traverse/-/traverse-0.3.9.tgz 0ms (cache hit)
1139 http cache chainsaw@https://registry.npmjs.org/chainsaw/-/chainsaw-0.1.0.tgz 0ms (cache hit)
1140 http cache buffers@https://registry.npmjs.org/buffers/-/buffers-0.1.1.tgz 0ms (cache hit)
1141 http cache setimmediate@https://registry.npmjs.org/setimmediate/-/setimmediate-1.0.5.tgz 0ms (cache hit)
1142 http cache listenercount@https://registry.npmjs.org/listenercount/-/listenercount-1.0.1.tgz 0ms (cache hit)
1143 http cache crc32-stream@https://registry.npmjs.org/crc32-stream/-/crc32-stream-4.0.3.tgz 0ms (cache hit)
1144 http cache buffer-indexof-polyfill@https://registry.npmjs.org/buffer-indexof-polyfill/-/buffer-indexof-polyfill-1.0.2.tgz 0ms (cache hit)
1145 http cache duplexer2@https://registry.npmjs.org/duplexer2/-/duplexer2-0.1.4.tgz 0ms (cache hit)
1146 http cache fstream@https://registry.npmjs.org/fstream/-/fstream-1.0.12.tgz 0ms (cache hit)
1147 http cache big-integer@https://registry.npmjs.org/big-integer/-/big-integer-1.6.52.tgz 0ms (cache hit)
1148 http cache bluebird@https://registry.npmjs.org/bluebird/-/bluebird-3.4.7.tgz 0ms (cache hit)
1149 http cache binary@https://registry.npmjs.org/binary/-/binary-0.3.0.tgz 0ms (cache hit)
1150 http cache b4a@https://registry.npmjs.org/b4a/-/b4a-1.8.0.tgz 0ms (cache hit)
1151 http cache ieee754@https://registry.npmjs.org/ieee754/-/ieee754-1.2.1.tgz 0ms (cache hit)
1152 http cache base64-js@https://registry.npmjs.org/base64-js/-/base64-js-1.5.1.tgz 0ms (cache hit)
1153 http cache buffer@https://registry.npmjs.org/buffer/-/buffer-5.7.1.tgz 0ms (cache hit)
1154 http cache fs-constants@https://registry.npmjs.org/fs-constants/-/fs-constants-1.0.0.tgz 0ms (cache hit)
1155 http cache bl@https://registry.npmjs.org/bl/-/bl-4.1.0.tgz 0ms (cache hit)
1156 http cache text-decoder@https://registry.npmjs.org/text-decoder/-/text-decoder-1.2.7.tgz 0ms (cache hit)
1157 http cache teex@https://registry.npmjs.org/teex/-/teex-1.0.1.tgz 0ms (cache hit)
1158 http cache streamx@https://registry.npmjs.org/streamx/-/streamx-2.25.0.tgz 0ms (cache hit)
1159 http cache bare-os@https://registry.npmjs.org/bare-os/-/bare-os-3.8.7.tgz 0ms (cache hit)
1160 http cache fast-fifo@https://registry.npmjs.org/fast-fifo/-/fast-fifo-1.3.2.tgz 0ms (cache hit)
1161 http cache events-universal@https://registry.npmjs.org/events-universal/-/events-universal-1.0.1.tgz 0ms (cache hit)
1162 http cache bare-url@https://registry.npmjs.org/bare-url/-/bare-url-2.4.0.tgz 0ms (cache hit)
1163 http cache bare-stream@https://registry.npmjs.org/bare-stream/-/bare-stream-2.13.0.tgz 0ms (cache hit)
1164 http cache bare-events@https://registry.npmjs.org/bare-events/-/bare-events-2.8.2.tgz 0ms (cache hit)
1165 http cache bare-path@https://registry.npmjs.org/bare-path/-/bare-path-3.0.0.tgz 0ms (cache hit)
1166 http cache safe-buffer@https://registry.npmjs.org/safe-buffer/-/safe-buffer-5.2.1.tgz 0ms (cache hit)
1167 http cache smart-buffer@https://registry.npmjs.org/smart-buffer/-/smart-buffer-4.2.0.tgz 0ms (cache hit)
1168 http cache socks@https://registry.npmjs.org/socks/-/socks-2.8.7.tgz 0ms (cache hit)
1169 http cache util-deprecate@https://registry.npmjs.org/util-deprecate/-/util-deprecate-1.0.2.tgz 0ms (cache hit)
1170 http cache ip-address@https://registry.npmjs.org/ip-address/-/ip-address-10.1.0.tgz 0ms (cache hit)
1171 http cache bare-fs@https://registry.npmjs.org/bare-fs/-/bare-fs-4.7.1.tgz 0ms (cache hit)
1172 http cache string_decoder@https://registry.npmjs.org/string_decoder/-/string_decoder-1.3.0.tgz 0ms (cache hit)
1173 http cache ws@https://registry.npmjs.org/ws/-/ws-8.20.0.tgz 0ms (cache hit)
1174 http cache end-of-stream@https://registry.npmjs.org/end-of-stream/-/end-of-stream-1.4.5.tgz 0ms (cache hit)
1175 http cache source-map@https://registry.npmjs.org/source-map/-/source-map-0.6.1.tgz 0ms (cache hit)
1176 http cache webdriver-bidi-protocol@https://registry.npmjs.org/webdriver-bidi-protocol/-/webdriver-bidi-protocol-0.4.1.tgz 0ms (cache hit)
1177 http cache esutils@https://registry.npmjs.org/esutils/-/esutils-2.0.3.tgz 0ms (cache hit)
1178 http cache estraverse@https://registry.npmjs.org/estraverse/-/estraverse-5.3.0.tgz 0ms (cache hit)
1179 http cache esprima@https://registry.npmjs.org/esprima/-/esprima-4.0.1.tgz 0ms (cache hit)
1180 http cache tslib@https://registry.npmjs.org/tslib/-/tslib-2.8.1.tgz 0ms (cache hit)
1181 http cache escodegen@https://registry.npmjs.org/escodegen/-/escodegen-2.1.0.tgz 0ms (cache hit)
1182 http cache netmask@https://registry.npmjs.org/netmask/-/netmask-2.1.1.tgz 0ms (cache hit)
1183 http cache ast-types@https://registry.npmjs.org/ast-types/-/ast-types-0.13.4.tgz 0ms (cache hit)
1184 http cache degenerator@https://registry.npmjs.org/degenerator/-/degenerator-5.0.1.tgz 0ms (cache hit)
1185 http cache data-uri-to-buffer@https://registry.npmjs.org/data-uri-to-buffer/-/data-uri-to-buffer-6.0.2.tgz 0ms (cache hit)
1186 http cache pac-resolver@https://registry.npmjs.org/pac-resolver/-/pac-resolver-7.0.1.tgz 0ms (cache hit)
1187 http cache basic-ftp@https://registry.npmjs.org/basic-ftp/-/basic-ftp-5.3.0.tgz 0ms (cache hit)
1188 http cache get-uri@https://registry.npmjs.org/get-uri/-/get-uri-6.0.5.tgz 0ms (cache hit)
1189 http cache socks-proxy-agent@https://registry.npmjs.org/socks-proxy-agent/-/socks-proxy-agent-8.0.5.tgz 0ms (cache hit)
1190 http cache lru-cache@https://registry.npmjs.org/lru-cache/-/lru-cache-7.18.3.tgz 0ms (cache hit)
1191 http cache pac-proxy-agent@https://registry.npmjs.org/pac-proxy-agent/-/pac-proxy-agent-7.2.0.tgz 0ms (cache hit)
1192 http cache https-proxy-agent@https://registry.npmjs.org/https-proxy-agent/-/https-proxy-agent-7.0.6.tgz 0ms (cache hit)
1193 http cache agent-base@https://registry.npmjs.org/agent-base/-/agent-base-7.1.4.tgz 0ms (cache hit)
1194 http cache http-proxy-agent@https://registry.npmjs.org/http-proxy-agent/-/http-proxy-agent-7.0.2.tgz 0ms (cache hit)
1195 http cache is-arrayish@https://registry.npmjs.org/is-arrayish/-/is-arrayish-0.2.1.tgz 0ms (cache hit)
1196 http cache @tootallnate/quickjs-emscripten@https://registry.npmjs.org/@tootallnate/quickjs-emscripten/-/quickjs-emscripten-0.23.0.tgz 0ms (cache hit)
1197 http cache js-tokens@https://registry.npmjs.org/js-tokens/-/js-tokens-4.0.0.tgz 0ms (cache hit)
1198 http cache picocolors@https://registry.npmjs.org/picocolors/-/picocolors-1.1.1.tgz 0ms (cache hit)
1199 http cache @babel/helper-validator-identifier@https://registry.npmjs.org/@babel/helper-validator-identifier/-/helper-validator-identifier-7.28.5.tgz 0ms (cache hit)
1200 http cache lines-and-columns@https://registry.npmjs.org/lines-and-columns/-/lines-and-columns-1.2.4.tgz 0ms (cache hit)
1201 http cache @babel/code-frame@https://registry.npmjs.org/@babel/code-frame/-/code-frame-7.29.0.tgz 0ms (cache hit)
1202 http cache resolve-from@https://registry.npmjs.org/resolve-from/-/resolve-from-4.0.0.tgz 0ms (cache hit)
1203 http cache json-parse-even-better-errors@https://registry.npmjs.org/json-parse-even-better-errors/-/json-parse-even-better-errors-2.3.1.tgz 0ms (cache hit)
1204 http cache parent-module@https://registry.npmjs.org/parent-module/-/parent-module-1.0.1.tgz 0ms (cache hit)
1205 http cache argparse@https://registry.npmjs.org/argparse/-/argparse-2.0.1.tgz 0ms (cache hit)
1206 http cache error-ex@https://registry.npmjs.org/error-ex/-/error-ex-1.3.4.tgz 0ms (cache hit)
1207 http cache undici-types@https://registry.npmjs.org/undici-types/-/undici-types-7.19.2.tgz 0ms (cache hit)
1208 http cache @types/node@https://registry.npmjs.org/@types/node/-/node-25.6.0.tgz 0ms (cache hit)
1209 http cache pump@https://registry.npmjs.org/pump/-/pump-3.0.4.tgz 0ms (cache hit)
1210 http cache yauzl@https://registry.npmjs.org/yauzl/-/yauzl-2.10.0.tgz 0ms (cache hit)
1211 http cache get-stream@https://registry.npmjs.org/get-stream/-/get-stream-5.2.0.tgz 0ms (cache hit)
1212 http cache @types/yauzl@https://registry.npmjs.org/@types/yauzl/-/yauzl-2.10.3.tgz 0ms (cache hit)
1213 http cache ms@https://registry.npmjs.org/ms/-/ms-2.1.3.tgz 0ms (cache hit)
1214 http cache js-yaml@https://registry.npmjs.org/js-yaml/-/js-yaml-4.1.1.tgz 0ms (cache hit)
1215 http cache import-fresh@https://registry.npmjs.org/import-fresh/-/import-fresh-3.3.1.tgz 0ms (cache hit)
1216 http cache parse-json@https://registry.npmjs.org/parse-json/-/parse-json-5.2.0.tgz 0ms (cache hit)
1217 http cache env-paths@https://registry.npmjs.org/env-paths/-/env-paths-2.2.1.tgz 0ms (cache hit)
1218 http cache zod@https://registry.npmjs.org/zod/-/zod-3.25.76.tgz 0ms (cache hit)
1219 http cache mitt@https://registry.npmjs.org/mitt/-/mitt-3.0.1.tgz 0ms (cache hit)
1220 http cache tar-fs@https://registry.npmjs.org/tar-fs/-/tar-fs-3.1.2.tgz 0ms (cache hit)
1221 http cache yargs@https://registry.npmjs.org/yargs/-/yargs-17.7.2.tgz 0ms (cache hit)
1222 http cache semver@https://registry.npmjs.org/semver/-/semver-7.7.4.tgz 0ms (cache hit)
1223 http cache proxy-agent@https://registry.npmjs.org/proxy-agent/-/proxy-agent-6.5.0.tgz 0ms (cache hit)
1224 http cache progress@https://registry.npmjs.org/progress/-/progress-2.0.3.tgz 0ms (cache hit)
1225 http cache debug@https://registry.npmjs.org/debug/-/debug-4.4.3.tgz 0ms (cache hit)
1226 http cache typed-query-selector@https://registry.npmjs.org/typed-query-selector/-/typed-query-selector-2.12.1.tgz 0ms (cache hit)
1227 http cache puppeteer-core@https://registry.npmjs.org/puppeteer-core/-/puppeteer-core-24.41.0.tgz 0ms (cache hit)
1228 http cache cosmiconfig@https://registry.npmjs.org/cosmiconfig/-/cosmiconfig-9.0.1.tgz 0ms (cache hit)
1229 http cache devtools-protocol@https://registry.npmjs.org/devtools-protocol/-/devtools-protocol-0.0.1595872.tgz 0ms (cache hit)
1230 http cache chromium-bidi@https://registry.npmjs.org/chromium-bidi/-/chromium-bidi-14.0.0.tgz 0ms (cache hit)
1231 http cache callsites@https://registry.npmjs.org/callsites/-/callsites-3.1.0.tgz 0ms (cache hit)
1232 http cache extract-zip@https://registry.npmjs.org/extract-zip/-/extract-zip-2.0.1.tgz 0ms (cache hit)
1233 http cache @puppeteer/browsers@https://registry.npmjs.org/@puppeteer/browsers/-/browsers-2.13.0.tgz 0ms (cache hit)
1234 http cache concat-map@https://registry.npmjs.org/concat-map/-/concat-map-0.0.1.tgz 0ms (cache hit)
1235 http cache balanced-match@https://registry.npmjs.org/balanced-match/-/balanced-match-1.0.2.tgz 0ms (cache hit)
1236 http cache brace-expansion@https://registry.npmjs.org/brace-expansion/-/brace-expansion-1.1.14.tgz 0ms (cache hit)
1237 http cache whatwg-url@https://registry.npmjs.org/whatwg-url/-/whatwg-url-5.0.0.tgz 0ms (cache hit)
1238 http cache wrappy@https://registry.npmjs.org/wrappy/-/wrappy-1.0.2.tgz 0ms (cache hit)
1239 http cache path-is-absolute@https://registry.npmjs.org/path-is-absolute/-/path-is-absolute-1.0.1.tgz 0ms (cache hit)
1240 http cache once@https://registry.npmjs.org/once/-/once-1.4.0.tgz 0ms (cache hit)
1241 http cache minimatch@https://registry.npmjs.org/minimatch/-/minimatch-3.1.5.tgz 0ms (cache hit)
1242 http cache inherits@https://registry.npmjs.org/inherits/-/inherits-2.0.4.tgz 0ms (cache hit)
1243 http cache inflight@https://registry.npmjs.org/inflight/-/inflight-1.0.6.tgz 0ms (cache hit)
1244 http cache universalify@https://registry.npmjs.org/universalify/-/universalify-2.0.1.tgz 0ms (cache hit)
1245 http cache jsonfile@https://registry.npmjs.org/jsonfile/-/jsonfile-6.2.0.tgz 0ms (cache hit)
1246 http cache which@https://registry.npmjs.org/which/-/which-1.3.1.tgz 0ms (cache hit)
1247 http cache normalize-path@https://registry.npmjs.org/normalize-path/-/normalize-path-3.0.0.tgz 0ms (cache hit)
1248 http cache lodash.union@https://registry.npmjs.org/lodash.union/-/lodash.union-4.6.0.tgz 0ms (cache hit)
1249 http cache lodash.flatten@https://registry.npmjs.org/lodash.flatten/-/lodash.flatten-4.4.0.tgz 0ms (cache hit)
1250 http cache lodash.isplainobject@https://registry.npmjs.org/lodash.isplainobject/-/lodash.isplainobject-4.0.6.tgz 0ms (cache hit)
1251 http cache lodash.difference@https://registry.npmjs.org/lodash.difference/-/lodash.difference-4.5.0.tgz 0ms (cache hit)
1252 http cache lodash.defaults@https://registry.npmjs.org/lodash.defaults/-/lodash.defaults-4.2.0.tgz 0ms (cache hit)
1253 http cache fs.realpath@https://registry.npmjs.org/fs.realpath/-/fs.realpath-1.0.0.tgz 0ms (cache hit)
1254 http cache lazystream@https://registry.npmjs.org/lazystream/-/lazystream-1.0.1.tgz 0ms (cache hit)
1255 http cache graceful-fs@https://registry.npmjs.org/graceful-fs/-/graceful-fs-4.2.11.tgz 0ms (cache hit)
1256 http cache glob@https://registry.npmjs.org/glob/-/glob-7.2.3.tgz 0ms (cache hit)
1257 http cache readdir-glob@https://registry.npmjs.org/readdir-glob/-/readdir-glob-1.1.3.tgz 0ms (cache hit)
1258 http cache readable-stream@https://registry.npmjs.org/readable-stream/-/readable-stream-3.6.2.tgz 0ms (cache hit)
1259 http cache tar-stream@https://registry.npmjs.org/tar-stream/-/tar-stream-2.2.0.tgz 0ms (cache hit)
1260 http cache zip-stream@https://registry.npmjs.org/zip-stream/-/zip-stream-4.1.1.tgz 0ms (cache hit)
1261 http cache buffer-crc32@https://registry.npmjs.org/buffer-crc32/-/buffer-crc32-0.2.13.tgz 0ms (cache hit)
1262 http cache async@https://registry.npmjs.org/async/-/async-3.2.6.tgz 0ms (cache hit)
1263 http cache archiver-utils@https://registry.npmjs.org/archiver-utils/-/archiver-utils-2.1.0.tgz 0ms (cache hit)
1264 http cache puppeteer@https://registry.npmjs.org/puppeteer/-/puppeteer-24.41.0.tgz 0ms (cache hit)
1265 http cache node-webpmux@https://registry.npmjs.org/node-webpmux/-/node-webpmux-3.1.7.tgz 0ms (cache hit)
1266 http cache unzipper@https://registry.npmjs.org/unzipper/-/unzipper-0.10.14.tgz 0ms (cache hit)
1267 http cache node-fetch@https://registry.npmjs.org/node-fetch/-/node-fetch-2.7.0.tgz 0ms (cache hit)
1268 http cache mime@https://registry.npmjs.org/mime/-/mime-3.0.0.tgz 0ms (cache hit)
1269 http cache fs-extra@https://registry.npmjs.org/fs-extra/-/fs-extra-10.1.0.tgz 0ms (cache hit)
1270 http cache @pedroslopez/moduleraid@https://registry.npmjs.org/@pedroslopez/moduleraid/-/moduleraid-5.0.2.tgz 0ms (cache hit)
1271 http cache archiver@https://registry.npmjs.org/archiver/-/archiver-5.3.2.tgz 0ms (cache hit)
1272 http cache mime-db@https://registry.npmjs.org/mime-db/-/mime-db-1.52.0.tgz 0ms (cache hit)
1273 http cache fluent-ffmpeg@https://registry.npmjs.org/fluent-ffmpeg/-/fluent-ffmpeg-2.1.3.tgz 0ms (cache hit)
1274 http cache math-intrinsics@https://registry.npmjs.org/math-intrinsics/-/math-intrinsics-1.1.0.tgz 0ms (cache hit)
1275 http cache has-symbols@https://registry.npmjs.org/has-symbols/-/has-symbols-1.1.0.tgz 0ms (cache hit)
1276 http cache get-proto@https://registry.npmjs.org/get-proto/-/get-proto-1.0.1.tgz 0ms (cache hit)
1277 http cache function-bind@https://registry.npmjs.org/function-bind/-/function-bind-1.1.2.tgz 0ms (cache hit)
1278 http cache es-object-atoms@https://registry.npmjs.org/es-object-atoms/-/es-object-atoms-1.1.1.tgz 0ms (cache hit)
1279 http cache dunder-proto@https://registry.npmjs.org/dunder-proto/-/dunder-proto-1.0.1.tgz 0ms (cache hit)
1280 http cache es-define-property@https://registry.npmjs.org/es-define-property/-/es-define-property-1.0.1.tgz 0ms (cache hit)
1281 http cache call-bind-apply-helpers@https://registry.npmjs.org/call-bind-apply-helpers/-/call-bind-apply-helpers-1.0.2.tgz 0ms (cache hit)
1282 http cache has-tostringtag@https://registry.npmjs.org/has-tostringtag/-/has-tostringtag-1.0.2.tgz 0ms (cache hit)
1283 http cache es-errors@https://registry.npmjs.org/es-errors/-/es-errors-1.3.0.tgz 0ms (cache hit)
1284 http cache get-intrinsic@https://registry.npmjs.org/get-intrinsic/-/get-intrinsic-1.3.0.tgz 0ms (cache hit)
1285 http cache delayed-stream@https://registry.npmjs.org/delayed-stream/-/delayed-stream-1.0.0.tgz 0ms (cache hit)
1286 http cache mime-types@https://registry.npmjs.org/mime-types/-/mime-types-2.1.35.tgz 0ms (cache hit)
1287 http cache hasown@https://registry.npmjs.org/hasown/-/hasown-2.0.3.tgz 0ms (cache hit)
1288 http cache es-set-tostringtag@https://registry.npmjs.org/es-set-tostringtag/-/es-set-tostringtag-2.1.0.tgz 0ms (cache hit)
1289 http cache combined-stream@https://registry.npmjs.org/combined-stream/-/combined-stream-1.0.8.tgz 0ms (cache hit)
1290 http cache asynckit@https://registry.npmjs.org/asynckit/-/asynckit-0.4.0.tgz 0ms (cache hit)
1291 http cache proxy-from-env@https://registry.npmjs.org/proxy-from-env/-/proxy-from-env-2.1.0.tgz 0ms (cache hit)
1292 http cache form-data@https://registry.npmjs.org/form-data/-/form-data-4.0.5.tgz 0ms (cache hit)
1293 http cache follow-redirects@https://registry.npmjs.org/follow-redirects/-/follow-redirects-1.16.0.tgz 0ms (cache hit)
1294 http cache whatsapp-web.js@https://registry.npmjs.org/whatsapp-web.js/-/whatsapp-web.js-1.34.6.tgz 0ms (cache hit)
1295 http cache qrcode-terminal@https://registry.npmjs.org/qrcode-terminal/-/qrcode-terminal-0.12.0.tgz 0ms (cache hit)
1296 http cache axios@https://registry.npmjs.org/axios/-/axios-1.15.0.tgz 0ms (cache hit)
1297 http cache string_decoder@https://registry.npmjs.org/string_decoder/-/string_decoder-1.1.1.tgz 0ms (cache hit)
1298 http cache readable-stream@https://registry.npmjs.org/readable-stream/-/readable-stream-2.3.8.tgz 0ms (cache hit)
1299 http cache proxy-from-env@https://registry.npmjs.org/proxy-from-env/-/proxy-from-env-1.1.0.tgz 0ms (cache hit)
1300 http cache tar-stream@https://registry.npmjs.org/tar-stream/-/tar-stream-3.1.8.tgz 0ms (cache hit)
1301 http cache gopd@https://registry.npmjs.org/gopd/-/gopd-1.2.0.tgz 0ms (cache hit)
1302 http cache string_decoder@https://registry.npmjs.org/string_decoder/-/string_decoder-1.1.1.tgz 0ms (cache hit)
1303 http cache safe-buffer@https://registry.npmjs.org/safe-buffer/-/safe-buffer-5.1.2.tgz 0ms (cache hit)
1304 http cache archiver-utils@https://registry.npmjs.org/archiver-utils/-/archiver-utils-3.0.4.tgz 0ms (cache hit)
1305 http cache readable-stream@https://registry.npmjs.org/readable-stream/-/readable-stream-2.3.8.tgz 0ms (cache hit)
1306 http cache brace-expansion@https://registry.npmjs.org/brace-expansion/-/brace-expansion-2.1.0.tgz 0ms (cache hit)
1307 http cache minimatch@https://registry.npmjs.org/minimatch/-/minimatch-5.1.9.tgz 0ms (cache hit)
1308 http cache safe-buffer@https://registry.npmjs.org/safe-buffer/-/safe-buffer-5.1.2.tgz 0ms (cache hit)
1309 http cache safe-buffer@https://registry.npmjs.org/safe-buffer/-/safe-buffer-5.1.2.tgz 0ms (cache hit)
1310 http cache readable-stream@https://registry.npmjs.org/readable-stream/-/readable-stream-2.3.8.tgz 0ms (cache hit)
1311 http cache safe-buffer@https://registry.npmjs.org/safe-buffer/-/safe-buffer-5.1.2.tgz 0ms (cache hit)
1312 http cache readable-stream@https://registry.npmjs.org/readable-stream/-/readable-stream-2.3.8.tgz 0ms (cache hit)
1313 http cache string_decoder@https://registry.npmjs.org/string_decoder/-/string_decoder-1.1.1.tgz 0ms (cache hit)
1314 http cache async@https://registry.npmjs.org/async/-/async-0.2.10.tgz 0ms (cache hit)
1315 http cache string_decoder@https://registry.npmjs.org/string_decoder/-/string_decoder-1.1.1.tgz 0ms (cache hit)
1316 silly tarball no local data for process-nextick-args@https://registry.npmjs.org/process-nextick-args/-/process-nextick-args-2.0.1.tgz. Extracting by manifest.
1317 silly tarball no local data for core-util-is@https://registry.npmjs.org/core-util-is/-/core-util-is-1.0.3.tgz. Extracting by manifest.
1318 silly tarball no local data for isarray@https://registry.npmjs.org/isarray/-/isarray-1.0.0.tgz. Extracting by manifest.
1319 silly tarball no local data for compress-commons@https://registry.npmjs.org/compress-commons/-/compress-commons-4.1.2.tgz. Extracting by manifest.
1320 silly tarball no local data for pend@https://registry.npmjs.org/pend/-/pend-1.2.0.tgz. Extracting by manifest.
1321 silly tarball no local data for crc-32@https://registry.npmjs.org/crc-32/-/crc-32-1.2.2.tgz. Extracting by manifest.
1322 silly tarball no local data for fd-slicer@https://registry.npmjs.org/fd-slicer/-/fd-slicer-1.1.0.tgz. Extracting by manifest.
1323 silly tarball no local data for color-name@https://registry.npmjs.org/color-name/-/color-name-1.1.4.tgz. Extracting by manifest.
1324 silly tarball no local data for color-convert@https://registry.npmjs.org/color-convert/-/color-convert-2.0.1.tgz. Extracting by manifest.
1325 silly tarball no local data for ansi-styles@https://registry.npmjs.org/ansi-styles/-/ansi-styles-4.3.0.tgz. Extracting by manifest.
1326 silly tarball no local data for ansi-regex@https://registry.npmjs.org/ansi-regex/-/ansi-regex-5.0.1.tgz. Extracting by manifest.
1327 silly tarball no local data for is-fullwidth-code-point@https://registry.npmjs.org/is-fullwidth-code-point/-/is-fullwidth-code-point-3.0.0.tgz. Extracting by manifest.
1328 silly tarball no local data for emoji-regex@https://registry.npmjs.org/emoji-regex/-/emoji-regex-8.0.0.tgz. Extracting by manifest.
1329 silly tarball no local data for wrap-ansi@https://registry.npmjs.org/wrap-ansi/-/wrap-ansi-7.0.0.tgz. Extracting by manifest.
1330 silly tarball no local data for strip-ansi@https://registry.npmjs.org/strip-ansi/-/strip-ansi-6.0.1.tgz. Extracting by manifest.
1331 silly tarball no local data for yargs-parser@https://registry.npmjs.org/yargs-parser/-/yargs-parser-21.1.1.tgz. Extracting by manifest.
1332 silly tarball no local data for y18n@https://registry.npmjs.org/y18n/-/y18n-5.0.8.tgz. Extracting by manifest.
1333 silly tarball no local data for string-width@https://registry.npmjs.org/string-width/-/string-width-4.2.3.tgz. Extracting by manifest.
1334 silly tarball no local data for require-directory@https://registry.npmjs.org/require-directory/-/require-directory-2.1.1.tgz. Extracting by manifest.
1335 silly tarball no local data for get-caller-file@https://registry.npmjs.org/get-caller-file/-/get-caller-file-2.0.5.tgz. Extracting by manifest.
1336 silly tarball no local data for escalade@https://registry.npmjs.org/escalade/-/escalade-3.2.0.tgz. Extracting by manifest.
1337 silly tarball no local data for cliui@https://registry.npmjs.org/cliui/-/cliui-8.0.1.tgz. Extracting by manifest.
1338 silly tarball no local data for isexe@https://registry.npmjs.org/isexe/-/isexe-2.0.0.tgz. Extracting by manifest.
1339 silly tarball no local data for webidl-conversions@https://registry.npmjs.org/webidl-conversions/-/webidl-conversions-3.0.1.tgz. Extracting by manifest.
1340 silly tarball no local data for tr46@https://registry.npmjs.org/tr46/-/tr46-0.0.3.tgz. Extracting by manifest.
1341 silly tarball no local data for minimist@https://registry.npmjs.org/minimist/-/minimist-1.2.8.tgz. Extracting by manifest.
1342 silly tarball no local data for rimraf@https://registry.npmjs.org/rimraf/-/rimraf-2.7.1.tgz. Extracting by manifest.
1343 silly tarball no local data for mkdirp@https://registry.npmjs.org/mkdirp/-/mkdirp-0.5.6.tgz. Extracting by manifest.
1344 silly tarball no local data for traverse@https://registry.npmjs.org/traverse/-/traverse-0.3.9.tgz. Extracting by manifest.
1345 silly tarball no local data for chainsaw@https://registry.npmjs.org/chainsaw/-/chainsaw-0.1.0.tgz. Extracting by manifest.
1346 silly tarball no local data for buffers@https://registry.npmjs.org/buffers/-/buffers-0.1.1.tgz. Extracting by manifest.
1347 silly tarball no local data for setimmediate@https://registry.npmjs.org/setimmediate/-/setimmediate-1.0.5.tgz. Extracting by manifest.
1348 silly tarball no local data for listenercount@https://registry.npmjs.org/listenercount/-/listenercount-1.0.1.tgz. Extracting by manifest.
1349 silly tarball no local data for crc32-stream@https://registry.npmjs.org/crc32-stream/-/crc32-stream-4.0.3.tgz. Extracting by manifest.
1350 silly tarball no local data for buffer-indexof-polyfill@https://registry.npmjs.org/buffer-indexof-polyfill/-/buffer-indexof-polyfill-1.0.2.tgz. Extracting by manifest.
1351 silly tarball no local data for duplexer2@https://registry.npmjs.org/duplexer2/-/duplexer2-0.1.4.tgz. Extracting by manifest.
1352 silly tarball no local data for fstream@https://registry.npmjs.org/fstream/-/fstream-1.0.12.tgz. Extracting by manifest.
1353 silly tarball no local data for big-integer@https://registry.npmjs.org/big-integer/-/big-integer-1.6.52.tgz. Extracting by manifest.
1354 silly tarball no local data for bluebird@https://registry.npmjs.org/bluebird/-/bluebird-3.4.7.tgz. Extracting by manifest.
1355 silly tarball no local data for binary@https://registry.npmjs.org/binary/-/binary-0.3.0.tgz. Extracting by manifest.
1356 silly tarball no local data for b4a@https://registry.npmjs.org/b4a/-/b4a-1.8.0.tgz. Extracting by manifest.
1357 silly tarball no local data for ieee754@https://registry.npmjs.org/ieee754/-/ieee754-1.2.1.tgz. Extracting by manifest.
1358 silly tarball no local data for base64-js@https://registry.npmjs.org/base64-js/-/base64-js-1.5.1.tgz. Extracting by manifest.
1359 silly tarball no local data for buffer@https://registry.npmjs.org/buffer/-/buffer-5.7.1.tgz. Extracting by manifest.
1360 silly tarball no local data for fs-constants@https://registry.npmjs.org/fs-constants/-/fs-constants-1.0.0.tgz. Extracting by manifest.
1361 silly tarball no local data for bl@https://registry.npmjs.org/bl/-/bl-4.1.0.tgz. Extracting by manifest.
1362 silly tarball no local data for text-decoder@https://registry.npmjs.org/text-decoder/-/text-decoder-1.2.7.tgz. Extracting by manifest.
1363 silly tarball no local data for teex@https://registry.npmjs.org/teex/-/teex-1.0.1.tgz. Extracting by manifest.
1364 silly tarball no local data for streamx@https://registry.npmjs.org/streamx/-/streamx-2.25.0.tgz. Extracting by manifest.
1365 silly tarball no local data for bare-os@https://registry.npmjs.org/bare-os/-/bare-os-3.8.7.tgz. Extracting by manifest.
1366 silly tarball no local data for fast-fifo@https://registry.npmjs.org/fast-fifo/-/fast-fifo-1.3.2.tgz. Extracting by manifest.
1367 silly tarball no local data for events-universal@https://registry.npmjs.org/events-universal/-/events-universal-1.0.1.tgz. Extracting by manifest.
1368 silly tarball no local data for bare-url@https://registry.npmjs.org/bare-url/-/bare-url-2.4.0.tgz. Extracting by manifest.
1369 silly tarball no local data for bare-stream@https://registry.npmjs.org/bare-stream/-/bare-stream-2.13.0.tgz. Extracting by manifest.
1370 silly tarball no local data for bare-events@https://registry.npmjs.org/bare-events/-/bare-events-2.8.2.tgz. Extracting by manifest.
1371 silly tarball no local data for bare-path@https://registry.npmjs.org/bare-path/-/bare-path-3.0.0.tgz. Extracting by manifest.
1372 silly tarball no local data for safe-buffer@https://registry.npmjs.org/safe-buffer/-/safe-buffer-5.2.1.tgz. Extracting by manifest.
1373 silly tarball no local data for smart-buffer@https://registry.npmjs.org/smart-buffer/-/smart-buffer-4.2.0.tgz. Extracting by manifest.
1374 silly tarball no local data for socks@https://registry.npmjs.org/socks/-/socks-2.8.7.tgz. Extracting by manifest.
1375 silly tarball no local data for util-deprecate@https://registry.npmjs.org/util-deprecate/-/util-deprecate-1.0.2.tgz. Extracting by manifest.
1376 silly tarball no local data for ip-address@https://registry.npmjs.org/ip-address/-/ip-address-10.1.0.tgz. Extracting by manifest.
1377 silly tarball no local data for bare-fs@https://registry.npmjs.org/bare-fs/-/bare-fs-4.7.1.tgz. Extracting by manifest.
1378 silly tarball no local data for string_decoder@https://registry.npmjs.org/string_decoder/-/string_decoder-1.3.0.tgz. Extracting by manifest.
1379 silly tarball no local data for ws@https://registry.npmjs.org/ws/-/ws-8.20.0.tgz. Extracting by manifest.
1380 silly tarball no local data for end-of-stream@https://registry.npmjs.org/end-of-stream/-/end-of-stream-1.4.5.tgz. Extracting by manifest.
1381 silly tarball no local data for source-map@https://registry.npmjs.org/source-map/-/source-map-0.6.1.tgz. Extracting by manifest.
1382 silly tarball no local data for webdriver-bidi-protocol@https://registry.npmjs.org/webdriver-bidi-protocol/-/webdriver-bidi-protocol-0.4.1.tgz. Extracting by manifest.
1383 silly tarball no local data for esutils@https://registry.npmjs.org/esutils/-/esutils-2.0.3.tgz. Extracting by manifest.
1384 silly tarball no local data for estraverse@https://registry.npmjs.org/estraverse/-/estraverse-5.3.0.tgz. Extracting by manifest.
1385 silly tarball no local data for esprima@https://registry.npmjs.org/esprima/-/esprima-4.0.1.tgz. Extracting by manifest.
1386 silly tarball no local data for tslib@https://registry.npmjs.org/tslib/-/tslib-2.8.1.tgz. Extracting by manifest.
1387 silly tarball no local data for escodegen@https://registry.npmjs.org/escodegen/-/escodegen-2.1.0.tgz. Extracting by manifest.
1388 silly tarball no local data for netmask@https://registry.npmjs.org/netmask/-/netmask-2.1.1.tgz. Extracting by manifest.
1389 silly tarball no local data for ast-types@https://registry.npmjs.org/ast-types/-/ast-types-0.13.4.tgz. Extracting by manifest.
1390 silly tarball no local data for degenerator@https://registry.npmjs.org/degenerator/-/degenerator-5.0.1.tgz. Extracting by manifest.
1391 silly tarball no local data for data-uri-to-buffer@https://registry.npmjs.org/data-uri-to-buffer/-/data-uri-to-buffer-6.0.2.tgz. Extracting by manifest.
1392 silly tarball no local data for pac-resolver@https://registry.npmjs.org/pac-resolver/-/pac-resolver-7.0.1.tgz. Extracting by manifest.
1393 silly tarball no local data for basic-ftp@https://registry.npmjs.org/basic-ftp/-/basic-ftp-5.3.0.tgz. Extracting by manifest.
1394 silly tarball no local data for get-uri@https://registry.npmjs.org/get-uri/-/get-uri-6.0.5.tgz. Extracting by manifest.
1395 silly tarball no local data for socks-proxy-agent@https://registry.npmjs.org/socks-proxy-agent/-/socks-proxy-agent-8.0.5.tgz. Extracting by manifest.
1396 silly tarball no local data for lru-cache@https://registry.npmjs.org/lru-cache/-/lru-cache-7.18.3.tgz. Extracting by manifest.
1397 silly tarball no local data for pac-proxy-agent@https://registry.npmjs.org/pac-proxy-agent/-/pac-proxy-agent-7.2.0.tgz. Extracting by manifest.
1398 silly tarball no local data for https-proxy-agent@https://registry.npmjs.org/https-proxy-agent/-/https-proxy-agent-7.0.6.tgz. Extracting by manifest.
1399 silly tarball no local data for agent-base@https://registry.npmjs.org/agent-base/-/agent-base-7.1.4.tgz. Extracting by manifest.
1400 silly tarball no local data for http-proxy-agent@https://registry.npmjs.org/http-proxy-agent/-/http-proxy-agent-7.0.2.tgz. Extracting by manifest.
1401 silly tarball no local data for is-arrayish@https://registry.npmjs.org/is-arrayish/-/is-arrayish-0.2.1.tgz. Extracting by manifest.
1402 silly tarball no local data for @tootallnate/quickjs-emscripten@https://registry.npmjs.org/@tootallnate/quickjs-emscripten/-/quickjs-emscripten-0.23.0.tgz. Extracting by manifest.
1403 silly tarball no local data for js-tokens@https://registry.npmjs.org/js-tokens/-/js-tokens-4.0.0.tgz. Extracting by manifest.
1404 silly tarball no local data for picocolors@https://registry.npmjs.org/picocolors/-/picocolors-1.1.1.tgz. Extracting by manifest.
1405 silly tarball no local data for @babel/helper-validator-identifier@https://registry.npmjs.org/@babel/helper-validator-identifier/-/helper-validator-identifier-7.28.5.tgz. Extracting by manifest.
1406 silly tarball no local data for lines-and-columns@https://registry.npmjs.org/lines-and-columns/-/lines-and-columns-1.2.4.tgz. Extracting by manifest.
1407 silly tarball no local data for @babel/code-frame@https://registry.npmjs.org/@babel/code-frame/-/code-frame-7.29.0.tgz. Extracting by manifest.
1408 silly tarball no local data for resolve-from@https://registry.npmjs.org/resolve-from/-/resolve-from-4.0.0.tgz. Extracting by manifest.
1409 silly tarball no local data for json-parse-even-better-errors@https://registry.npmjs.org/json-parse-even-better-errors/-/json-parse-even-better-errors-2.3.1.tgz. Extracting by manifest.
1410 silly tarball no local data for parent-module@https://registry.npmjs.org/parent-module/-/parent-module-1.0.1.tgz. Extracting by manifest.
1411 silly tarball no local data for argparse@https://registry.npmjs.org/argparse/-/argparse-2.0.1.tgz. Extracting by manifest.
1412 silly tarball no local data for error-ex@https://registry.npmjs.org/error-ex/-/error-ex-1.3.4.tgz. Extracting by manifest.
1413 silly tarball no local data for undici-types@https://registry.npmjs.org/undici-types/-/undici-types-7.19.2.tgz. Extracting by manifest.
1414 silly tarball no local data for @types/node@https://registry.npmjs.org/@types/node/-/node-25.6.0.tgz. Extracting by manifest.
1415 silly tarball no local data for pump@https://registry.npmjs.org/pump/-/pump-3.0.4.tgz. Extracting by manifest.
1416 silly tarball no local data for yauzl@https://registry.npmjs.org/yauzl/-/yauzl-2.10.0.tgz. Extracting by manifest.
1417 silly tarball no local data for get-stream@https://registry.npmjs.org/get-stream/-/get-stream-5.2.0.tgz. Extracting by manifest.
1418 silly tarball no local data for @types/yauzl@https://registry.npmjs.org/@types/yauzl/-/yauzl-2.10.3.tgz. Extracting by manifest.
1419 silly tarball no local data for ms@https://registry.npmjs.org/ms/-/ms-2.1.3.tgz. Extracting by manifest.
1420 silly tarball no local data for js-yaml@https://registry.npmjs.org/js-yaml/-/js-yaml-4.1.1.tgz. Extracting by manifest.
1421 silly tarball no local data for import-fresh@https://registry.npmjs.org/import-fresh/-/import-fresh-3.3.1.tgz. Extracting by manifest.
1422 silly tarball no local data for parse-json@https://registry.npmjs.org/parse-json/-/parse-json-5.2.0.tgz. Extracting by manifest.
1423 silly tarball no local data for env-paths@https://registry.npmjs.org/env-paths/-/env-paths-2.2.1.tgz. Extracting by manifest.
1424 silly tarball no local data for zod@https://registry.npmjs.org/zod/-/zod-3.25.76.tgz. Extracting by manifest.
1425 silly tarball no local data for mitt@https://registry.npmjs.org/mitt/-/mitt-3.0.1.tgz. Extracting by manifest.
1426 silly tarball no local data for tar-fs@https://registry.npmjs.org/tar-fs/-/tar-fs-3.1.2.tgz. Extracting by manifest.
1427 silly tarball no local data for yargs@https://registry.npmjs.org/yargs/-/yargs-17.7.2.tgz. Extracting by manifest.
1428 silly tarball no local data for semver@https://registry.npmjs.org/semver/-/semver-7.7.4.tgz. Extracting by manifest.
1429 silly tarball no local data for proxy-agent@https://registry.npmjs.org/proxy-agent/-/proxy-agent-6.5.0.tgz. Extracting by manifest.
1430 silly tarball no local data for progress@https://registry.npmjs.org/progress/-/progress-2.0.3.tgz. Extracting by manifest.
1431 silly tarball no local data for debug@https://registry.npmjs.org/debug/-/debug-4.4.3.tgz. Extracting by manifest.
1432 silly tarball no local data for typed-query-selector@https://registry.npmjs.org/typed-query-selector/-/typed-query-selector-2.12.1.tgz. Extracting by manifest.
1433 silly tarball no local data for puppeteer-core@https://registry.npmjs.org/puppeteer-core/-/puppeteer-core-24.41.0.tgz. Extracting by manifest.
1434 silly tarball no local data for cosmiconfig@https://registry.npmjs.org/cosmiconfig/-/cosmiconfig-9.0.1.tgz. Extracting by manifest.
1435 silly tarball no local data for devtools-protocol@https://registry.npmjs.org/devtools-protocol/-/devtools-protocol-0.0.1595872.tgz. Extracting by manifest.
1436 silly tarball no local data for chromium-bidi@https://registry.npmjs.org/chromium-bidi/-/chromium-bidi-14.0.0.tgz. Extracting by manifest.
1437 silly tarball no local data for callsites@https://registry.npmjs.org/callsites/-/callsites-3.1.0.tgz. Extracting by manifest.
1438 silly tarball no local data for extract-zip@https://registry.npmjs.org/extract-zip/-/extract-zip-2.0.1.tgz. Extracting by manifest.
1439 silly tarball no local data for @puppeteer/browsers@https://registry.npmjs.org/@puppeteer/browsers/-/browsers-2.13.0.tgz. Extracting by manifest.
1440 silly tarball no local data for concat-map@https://registry.npmjs.org/concat-map/-/concat-map-0.0.1.tgz. Extracting by manifest.
1441 silly tarball no local data for balanced-match@https://registry.npmjs.org/balanced-match/-/balanced-match-1.0.2.tgz. Extracting by manifest.
1442 silly tarball no local data for brace-expansion@https://registry.npmjs.org/brace-expansion/-/brace-expansion-1.1.14.tgz. Extracting by manifest.
1443 silly tarball no local data for whatwg-url@https://registry.npmjs.org/whatwg-url/-/whatwg-url-5.0.0.tgz. Extracting by manifest.
1444 silly tarball no local data for wrappy@https://registry.npmjs.org/wrappy/-/wrappy-1.0.2.tgz. Extracting by manifest.
1445 silly tarball no local data for path-is-absolute@https://registry.npmjs.org/path-is-absolute/-/path-is-absolute-1.0.1.tgz. Extracting by manifest.
1446 silly tarball no local data for once@https://registry.npmjs.org/once/-/once-1.4.0.tgz. Extracting by manifest.
1447 silly tarball no local data for minimatch@https://registry.npmjs.org/minimatch/-/minimatch-3.1.5.tgz. Extracting by manifest.
1448 silly tarball no local data for inherits@https://registry.npmjs.org/inherits/-/inherits-2.0.4.tgz. Extracting by manifest.
1449 silly tarball no local data for inflight@https://registry.npmjs.org/inflight/-/inflight-1.0.6.tgz. Extracting by manifest.
1450 silly tarball no local data for universalify@https://registry.npmjs.org/universalify/-/universalify-2.0.1.tgz. Extracting by manifest.
1451 silly tarball no local data for jsonfile@https://registry.npmjs.org/jsonfile/-/jsonfile-6.2.0.tgz. Extracting by manifest.
1452 silly tarball no local data for which@https://registry.npmjs.org/which/-/which-1.3.1.tgz. Extracting by manifest.
1453 silly tarball no local data for normalize-path@https://registry.npmjs.org/normalize-path/-/normalize-path-3.0.0.tgz. Extracting by manifest.
1454 silly tarball no local data for lodash.union@https://registry.npmjs.org/lodash.union/-/lodash.union-4.6.0.tgz. Extracting by manifest.
1455 silly tarball no local data for lodash.flatten@https://registry.npmjs.org/lodash.flatten/-/lodash.flatten-4.4.0.tgz. Extracting by manifest.
1456 silly tarball no local data for lodash.isplainobject@https://registry.npmjs.org/lodash.isplainobject/-/lodash.isplainobject-4.0.6.tgz. Extracting by manifest.
1457 silly tarball no local data for lodash.difference@https://registry.npmjs.org/lodash.difference/-/lodash.difference-4.5.0.tgz. Extracting by manifest.
1458 silly tarball no local data for lodash.defaults@https://registry.npmjs.org/lodash.defaults/-/lodash.defaults-4.2.0.tgz. Extracting by manifest.
1459 silly tarball no local data for fs.realpath@https://registry.npmjs.org/fs.realpath/-/fs.realpath-1.0.0.tgz. Extracting by manifest.
1460 silly tarball no local data for lazystream@https://registry.npmjs.org/lazystream/-/lazystream-1.0.1.tgz. Extracting by manifest.
1461 silly tarball no local data for graceful-fs@https://registry.npmjs.org/graceful-fs/-/graceful-fs-4.2.11.tgz. Extracting by manifest.
1462 silly tarball no local data for glob@https://registry.npmjs.org/glob/-/glob-7.2.3.tgz. Extracting by manifest.
1463 silly tarball no local data for readdir-glob@https://registry.npmjs.org/readdir-glob/-/readdir-glob-1.1.3.tgz. Extracting by manifest.
1464 silly tarball no local data for readable-stream@https://registry.npmjs.org/readable-stream/-/readable-stream-3.6.2.tgz. Extracting by manifest.
1465 silly tarball no local data for tar-stream@https://registry.npmjs.org/tar-stream/-/tar-stream-2.2.0.tgz. Extracting by manifest.
1466 silly tarball no local data for zip-stream@https://registry.npmjs.org/zip-stream/-/zip-stream-4.1.1.tgz. Extracting by manifest.
1467 silly tarball no local data for buffer-crc32@https://registry.npmjs.org/buffer-crc32/-/buffer-crc32-0.2.13.tgz. Extracting by manifest.
1468 silly tarball no local data for async@https://registry.npmjs.org/async/-/async-3.2.6.tgz. Extracting by manifest.
1469 silly tarball no local data for archiver-utils@https://registry.npmjs.org/archiver-utils/-/archiver-utils-2.1.0.tgz. Extracting by manifest.
1470 silly tarball no local data for puppeteer@https://registry.npmjs.org/puppeteer/-/puppeteer-24.41.0.tgz. Extracting by manifest.
1471 silly tarball no local data for node-webpmux@https://registry.npmjs.org/node-webpmux/-/node-webpmux-3.1.7.tgz. Extracting by manifest.
1472 silly tarball no local data for unzipper@https://registry.npmjs.org/unzipper/-/unzipper-0.10.14.tgz. Extracting by manifest.
1473 silly tarball no local data for node-fetch@https://registry.npmjs.org/node-fetch/-/node-fetch-2.7.0.tgz. Extracting by manifest.
1474 silly tarball no local data for mime@https://registry.npmjs.org/mime/-/mime-3.0.0.tgz. Extracting by manifest.
1475 silly tarball no local data for fs-extra@https://registry.npmjs.org/fs-extra/-/fs-extra-10.1.0.tgz. Extracting by manifest.
1476 silly tarball no local data for @pedroslopez/moduleraid@https://registry.npmjs.org/@pedroslopez/moduleraid/-/moduleraid-5.0.2.tgz. Extracting by manifest.
1477 silly tarball no local data for archiver@https://registry.npmjs.org/archiver/-/archiver-5.3.2.tgz. Extracting by manifest.
1478 silly tarball no local data for mime-db@https://registry.npmjs.org/mime-db/-/mime-db-1.52.0.tgz. Extracting by manifest.
1479 silly tarball no local data for fluent-ffmpeg@https://registry.npmjs.org/fluent-ffmpeg/-/fluent-ffmpeg-2.1.3.tgz. Extracting by manifest.
1480 silly tarball no local data for math-intrinsics@https://registry.npmjs.org/math-intrinsics/-/math-intrinsics-1.1.0.tgz. Extracting by manifest.
1481 silly tarball no local data for has-symbols@https://registry.npmjs.org/has-symbols/-/has-symbols-1.1.0.tgz. Extracting by manifest.
1482 silly tarball no local data for get-proto@https://registry.npmjs.org/get-proto/-/get-proto-1.0.1.tgz. Extracting by manifest.
1483 silly tarball no local data for function-bind@https://registry.npmjs.org/function-bind/-/function-bind-1.1.2.tgz. Extracting by manifest.
1484 silly tarball no local data for es-object-atoms@https://registry.npmjs.org/es-object-atoms/-/es-object-atoms-1.1.1.tgz. Extracting by manifest.
1485 silly tarball no local data for dunder-proto@https://registry.npmjs.org/dunder-proto/-/dunder-proto-1.0.1.tgz. Extracting by manifest.
1486 silly tarball no local data for es-define-property@https://registry.npmjs.org/es-define-property/-/es-define-property-1.0.1.tgz. Extracting by manifest.
1487 silly tarball no local data for call-bind-apply-helpers@https://registry.npmjs.org/call-bind-apply-helpers/-/call-bind-apply-helpers-1.0.2.tgz. Extracting by manifest.
1488 silly tarball no local data for has-tostringtag@https://registry.npmjs.org/has-tostringtag/-/has-tostringtag-1.0.2.tgz. Extracting by manifest.
1489 silly tarball no local data for es-errors@https://registry.npmjs.org/es-errors/-/es-errors-1.3.0.tgz. Extracting by manifest.
1490 silly tarball no local data for get-intrinsic@https://registry.npmjs.org/get-intrinsic/-/get-intrinsic-1.3.0.tgz. Extracting by manifest.
1491 silly tarball no local data for delayed-stream@https://registry.npmjs.org/delayed-stream/-/delayed-stream-1.0.0.tgz. Extracting by manifest.
1492 silly tarball no local data for mime-types@https://registry.npmjs.org/mime-types/-/mime-types-2.1.35.tgz. Extracting by manifest.
1493 silly tarball no local data for hasown@https://registry.npmjs.org/hasown/-/hasown-2.0.3.tgz. Extracting by manifest.
1494 silly tarball no local data for es-set-tostringtag@https://registry.npmjs.org/es-set-tostringtag/-/es-set-tostringtag-2.1.0.tgz. Extracting by manifest.
1495 silly tarball no local data for combined-stream@https://registry.npmjs.org/combined-stream/-/combined-stream-1.0.8.tgz. Extracting by manifest.
1496 silly tarball no local data for asynckit@https://registry.npmjs.org/asynckit/-/asynckit-0.4.0.tgz. Extracting by manifest.
1497 silly tarball no local data for proxy-from-env@https://registry.npmjs.org/proxy-from-env/-/proxy-from-env-2.1.0.tgz. Extracting by manifest.
1498 silly tarball no local data for form-data@https://registry.npmjs.org/form-data/-/form-data-4.0.5.tgz. Extracting by manifest.
1499 silly tarball no local data for follow-redirects@https://registry.npmjs.org/follow-redirects/-/follow-redirects-1.16.0.tgz. Extracting by manifest.
1500 silly tarball no local data for whatsapp-web.js@https://registry.npmjs.org/whatsapp-web.js/-/whatsapp-web.js-1.34.6.tgz. Extracting by manifest.
1501 silly tarball no local data for qrcode-terminal@https://registry.npmjs.org/qrcode-terminal/-/qrcode-terminal-0.12.0.tgz. Extracting by manifest.
1502 silly tarball no local data for axios@https://registry.npmjs.org/axios/-/axios-1.15.0.tgz. Extracting by manifest.
1503 silly tarball no local data for string_decoder@https://registry.npmjs.org/string_decoder/-/string_decoder-1.1.1.tgz. Extracting by manifest.
1504 silly tarball no local data for readable-stream@https://registry.npmjs.org/readable-stream/-/readable-stream-2.3.8.tgz. Extracting by manifest.
1505 silly tarball no local data for proxy-from-env@https://registry.npmjs.org/proxy-from-env/-/proxy-from-env-1.1.0.tgz. Extracting by manifest.
1506 silly tarball no local data for tar-stream@https://registry.npmjs.org/tar-stream/-/tar-stream-3.1.8.tgz. Extracting by manifest.
1507 silly tarball no local data for gopd@https://registry.npmjs.org/gopd/-/gopd-1.2.0.tgz. Extracting by manifest.
1508 silly tarball no local data for string_decoder@https://registry.npmjs.org/string_decoder/-/string_decoder-1.1.1.tgz. Extracting by manifest.
1509 silly tarball no local data for safe-buffer@https://registry.npmjs.org/safe-buffer/-/safe-buffer-5.1.2.tgz. Extracting by manifest.
1510 silly tarball no local data for archiver-utils@https://registry.npmjs.org/archiver-utils/-/archiver-utils-3.0.4.tgz. Extracting by manifest.
1511 silly tarball no local data for readable-stream@https://registry.npmjs.org/readable-stream/-/readable-stream-2.3.8.tgz. Extracting by manifest.
1512 silly tarball no local data for brace-expansion@https://registry.npmjs.org/brace-expansion/-/brace-expansion-2.1.0.tgz. Extracting by manifest.
1513 silly tarball no local data for minimatch@https://registry.npmjs.org/minimatch/-/minimatch-5.1.9.tgz. Extracting by manifest.
1514 silly tarball no local data for safe-buffer@https://registry.npmjs.org/safe-buffer/-/safe-buffer-5.1.2.tgz. Extracting by manifest.
1515 silly tarball no local data for safe-buffer@https://registry.npmjs.org/safe-buffer/-/safe-buffer-5.1.2.tgz. Extracting by manifest.
1516 silly tarball no local data for readable-stream@https://registry.npmjs.org/readable-stream/-/readable-stream-2.3.8.tgz. Extracting by manifest.
1517 silly tarball no local data for safe-buffer@https://registry.npmjs.org/safe-buffer/-/safe-buffer-5.1.2.tgz. Extracting by manifest.
1518 silly tarball no local data for readable-stream@https://registry.npmjs.org/readable-stream/-/readable-stream-2.3.8.tgz. Extracting by manifest.
1519 silly tarball no local data for string_decoder@https://registry.npmjs.org/string_decoder/-/string_decoder-1.1.1.tgz. Extracting by manifest.
1520 silly tarball no local data for async@https://registry.npmjs.org/async/-/async-0.2.10.tgz. Extracting by manifest.
1521 silly tarball no local data for string_decoder@https://registry.npmjs.org/string_decoder/-/string_decoder-1.1.1.tgz. Extracting by manifest.
1522 http fetch GET 200 https://registry.npmjs.org/pend/-/pend-1.2.0.tgz 171ms (cache miss)
1523 http fetch GET 200 https://registry.npmjs.org/core-util-is/-/core-util-is-1.0.3.tgz 171ms (cache miss)
1524 http fetch GET 200 https://registry.npmjs.org/color-name/-/color-name-1.1.4.tgz 171ms (cache miss)
1525 http fetch GET 200 https://registry.npmjs.org/process-nextick-args/-/process-nextick-args-2.0.1.tgz 173ms (cache miss)
1526 http fetch GET 200 https://registry.npmjs.org/compress-commons/-/compress-commons-4.1.2.tgz 172ms (cache miss)
1527 http fetch GET 200 https://registry.npmjs.org/isarray/-/isarray-1.0.0.tgz 173ms (cache miss)
1528 http fetch GET 200 https://registry.npmjs.org/fd-slicer/-/fd-slicer-1.1.0.tgz 172ms (cache miss)
1529 http fetch GET 200 https://registry.npmjs.org/crc-32/-/crc-32-1.2.2.tgz 173ms (cache miss)
1530 http fetch GET 200 https://registry.npmjs.org/strip-ansi/-/strip-ansi-6.0.1.tgz 172ms (cache miss)
1531 http fetch GET 200 https://registry.npmjs.org/require-directory/-/require-directory-2.1.1.tgz 178ms (cache miss)
1532 http fetch GET 200 https://registry.npmjs.org/y18n/-/y18n-5.0.8.tgz 185ms (cache miss)
1533 http fetch GET 200 https://registry.npmjs.org/escalade/-/escalade-3.2.0.tgz 185ms (cache miss)
1534 http fetch GET 200 https://registry.npmjs.org/get-caller-file/-/get-caller-file-2.0.5.tgz 185ms (cache miss)
1535 http fetch GET 200 https://registry.npmjs.org/string-width/-/string-width-4.2.3.tgz 186ms (cache miss)
1536 http fetch GET 200 https://registry.npmjs.org/cliui/-/cliui-8.0.1.tgz 186ms (cache miss)
1537 http fetch GET 200 https://registry.npmjs.org/yargs-parser/-/yargs-parser-21.1.1.tgz 187ms (cache miss)
1538 http fetch GET 200 https://registry.npmjs.org/wrap-ansi/-/wrap-ansi-7.0.0.tgz 198ms (cache miss)
1539 http fetch GET 200 https://registry.npmjs.org/ansi-styles/-/ansi-styles-4.3.0.tgz 199ms (cache miss)
1540 http fetch GET 200 https://registry.npmjs.org/is-fullwidth-code-point/-/is-fullwidth-code-point-3.0.0.tgz 199ms (cache miss)
1541 http fetch GET 200 https://registry.npmjs.org/color-convert/-/color-convert-2.0.1.tgz 201ms (cache miss)
1542 http fetch GET 200 https://registry.npmjs.org/ansi-regex/-/ansi-regex-5.0.1.tgz 201ms (cache miss)
1543 http fetch GET 200 https://registry.npmjs.org/isexe/-/isexe-2.0.0.tgz 199ms (cache miss)
1544 http fetch GET 200 https://registry.npmjs.org/emoji-regex/-/emoji-regex-8.0.0.tgz 201ms (cache miss)
1545 http fetch GET 200 https://registry.npmjs.org/traverse/-/traverse-0.3.9.tgz 209ms (cache miss)
1546 http fetch GET 200 https://registry.npmjs.org/webidl-conversions/-/webidl-conversions-3.0.1.tgz 210ms (cache miss)
1547 http fetch GET 200 https://registry.npmjs.org/mkdirp/-/mkdirp-0.5.6.tgz 210ms (cache miss)
1548 http fetch GET 200 https://registry.npmjs.org/minimist/-/minimist-1.2.8.tgz 210ms (cache miss)
1549 http fetch GET 200 https://registry.npmjs.org/rimraf/-/rimraf-2.7.1.tgz 214ms (cache miss)
1550 warn deprecated rimraf@2.7.1: Rimraf versions prior to v4 are no longer supported
1551 http fetch GET 200 https://registry.npmjs.org/chainsaw/-/chainsaw-0.1.0.tgz 215ms (cache miss)
1552 http fetch GET 200 https://registry.npmjs.org/tr46/-/tr46-0.0.3.tgz 218ms (cache miss)
1553 http fetch POST 200 https://registry.npmjs.org/-/npm/v1/security/advisories/bulk 253ms
1554 silly audit report {}
1555 http fetch GET 200 https://registry.npmjs.org/listenercount/-/listenercount-1.0.1.tgz 226ms (cache miss)
1556 http fetch GET 200 https://registry.npmjs.org/crc32-stream/-/crc32-stream-4.0.3.tgz 227ms (cache miss)
1557 http fetch GET 200 https://registry.npmjs.org/setimmediate/-/setimmediate-1.0.5.tgz 227ms (cache miss)
1558 http fetch GET 200 https://registry.npmjs.org/buffer-indexof-polyfill/-/buffer-indexof-polyfill-1.0.2.tgz 227ms (cache miss)
1559 http fetch GET 200 https://registry.npmjs.org/buffers/-/buffers-0.1.1.tgz 228ms (cache miss)
1560 http fetch GET 200 https://registry.npmjs.org/duplexer2/-/duplexer2-0.1.4.tgz 227ms (cache miss)
1561 http fetch GET 200 https://registry.npmjs.org/fstream/-/fstream-1.0.12.tgz 231ms (cache miss)
1562 warn deprecated fstream@1.0.12: This package is no longer supported.
1563 http fetch GET 200 https://registry.npmjs.org/big-integer/-/big-integer-1.6.52.tgz 234ms (cache miss)
1564 http fetch GET 200 https://registry.npmjs.org/ieee754/-/ieee754-1.2.1.tgz 242ms (cache miss)
1565 http fetch GET 200 https://registry.npmjs.org/binary/-/binary-0.3.0.tgz 247ms (cache miss)
1566 http fetch GET 200 https://registry.npmjs.org/b4a/-/b4a-1.8.0.tgz 265ms (cache miss)
1567 http fetch GET 200 https://registry.npmjs.org/base64-js/-/base64-js-1.5.1.tgz 265ms (cache miss)
1568 http fetch GET 200 https://registry.npmjs.org/streamx/-/streamx-2.25.0.tgz 267ms (cache miss)
1569 http fetch GET 200 https://registry.npmjs.org/buffer/-/buffer-5.7.1.tgz 268ms (cache miss)
1570 http fetch GET 200 https://registry.npmjs.org/text-decoder/-/text-decoder-1.2.7.tgz 268ms (cache miss)
1571 http fetch GET 200 https://registry.npmjs.org/fs-constants/-/fs-constants-1.0.0.tgz 268ms (cache miss)
1572 http fetch GET 200 https://registry.npmjs.org/events-universal/-/events-universal-1.0.1.tgz 267ms (cache miss)
1573 http fetch GET 200 https://registry.npmjs.org/teex/-/teex-1.0.1.tgz 269ms (cache miss)
1574 http fetch GET 200 https://registry.npmjs.org/fast-fifo/-/fast-fifo-1.3.2.tgz 269ms (cache miss)
1575 http fetch GET 200 https://registry.npmjs.org/bl/-/bl-4.1.0.tgz 272ms (cache miss)
1576 http fetch GET 200 https://registry.npmjs.org/bare-events/-/bare-events-2.8.2.tgz 279ms (cache miss)
1577 http fetch GET 200 https://registry.npmjs.org/bare-stream/-/bare-stream-2.13.0.tgz 281ms (cache miss)
1578 http fetch GET 200 https://registry.npmjs.org/bluebird/-/bluebird-3.4.7.tgz 285ms (cache miss)
1579 http fetch GET 200 https://registry.npmjs.org/safe-buffer/-/safe-buffer-5.2.1.tgz 294ms (cache miss)
1580 http fetch GET 200 https://registry.npmjs.org/util-deprecate/-/util-deprecate-1.0.2.tgz 295ms (cache miss)
1581 http fetch GET 200 https://registry.npmjs.org/bare-path/-/bare-path-3.0.0.tgz 296ms (cache miss)
1582 http fetch GET 200 https://registry.npmjs.org/socks/-/socks-2.8.7.tgz 302ms (cache miss)
1583 http fetch GET 200 https://registry.npmjs.org/string_decoder/-/string_decoder-1.3.0.tgz 319ms (cache miss)
1584 http fetch GET 200 https://registry.npmjs.org/end-of-stream/-/end-of-stream-1.4.5.tgz 321ms (cache miss)
1585 http fetch GET 200 https://registry.npmjs.org/smart-buffer/-/smart-buffer-4.2.0.tgz 324ms (cache miss)
1586 http fetch GET 200 https://registry.npmjs.org/ws/-/ws-8.20.0.tgz 328ms (cache miss)
1587 http fetch GET 200 https://registry.npmjs.org/bare-os/-/bare-os-3.8.7.tgz 350ms (cache miss)
1588 http fetch GET 200 https://registry.npmjs.org/esutils/-/esutils-2.0.3.tgz 348ms (cache miss)
1589 http fetch GET 200 https://registry.npmjs.org/ip-address/-/ip-address-10.1.0.tgz 353ms (cache miss)
1590 http fetch GET 200 https://registry.npmjs.org/webdriver-bidi-protocol/-/webdriver-bidi-protocol-0.4.1.tgz 355ms (cache miss)
1591 http fetch GET 200 https://registry.npmjs.org/estraverse/-/estraverse-5.3.0.tgz 362ms (cache miss)
1592 http fetch GET 200 https://registry.npmjs.org/escodegen/-/escodegen-2.1.0.tgz 365ms (cache miss)
1593 http fetch GET 200 https://registry.npmjs.org/tslib/-/tslib-2.8.1.tgz 365ms (cache miss)
1594 http fetch GET 200 https://registry.npmjs.org/esprima/-/esprima-4.0.1.tgz 366ms (cache miss)
1595 http fetch GET 200 https://registry.npmjs.org/source-map/-/source-map-0.6.1.tgz 377ms (cache miss)
1596 http fetch GET 200 https://registry.npmjs.org/netmask/-/netmask-2.1.1.tgz 381ms (cache miss)
1597 http fetch GET 200 https://registry.npmjs.org/bare-fs/-/bare-fs-4.7.1.tgz 395ms (cache miss)
1598 http fetch GET 200 https://registry.npmjs.org/data-uri-to-buffer/-/data-uri-to-buffer-6.0.2.tgz 394ms (cache miss)
1599 http fetch GET 200 https://registry.npmjs.org/degenerator/-/degenerator-5.0.1.tgz 396ms (cache miss)
1600 http fetch GET 200 https://registry.npmjs.org/bare-url/-/bare-url-2.4.0.tgz 400ms (cache miss)
1601 http fetch GET 200 https://registry.npmjs.org/socks-proxy-agent/-/socks-proxy-agent-8.0.5.tgz 408ms (cache miss)
1602 http fetch GET 200 https://registry.npmjs.org/lru-cache/-/lru-cache-7.18.3.tgz 412ms (cache miss)
1603 http fetch GET 200 https://registry.npmjs.org/agent-base/-/agent-base-7.1.4.tgz 413ms (cache miss)
1604 http fetch GET 200 https://registry.npmjs.org/is-arrayish/-/is-arrayish-0.2.1.tgz 413ms (cache miss)
1605 http fetch GET 200 https://registry.npmjs.org/https-proxy-agent/-/https-proxy-agent-7.0.6.tgz 414ms (cache miss)
1606 http fetch GET 200 https://registry.npmjs.org/pac-proxy-agent/-/pac-proxy-agent-7.2.0.tgz 415ms (cache miss)
1607 http fetch GET 200 https://registry.npmjs.org/http-proxy-agent/-/http-proxy-agent-7.0.2.tgz 416ms (cache miss)
1608 http fetch GET 200 https://registry.npmjs.org/picocolors/-/picocolors-1.1.1.tgz 418ms (cache miss)
1609 http fetch GET 200 https://registry.npmjs.org/js-tokens/-/js-tokens-4.0.0.tgz 418ms (cache miss)
1610 http fetch GET 200 https://registry.npmjs.org/lines-and-columns/-/lines-and-columns-1.2.4.tgz 420ms (cache miss)
1611 http fetch GET 200 https://registry.npmjs.org/basic-ftp/-/basic-ftp-5.3.0.tgz 425ms (cache miss)
1612 http fetch GET 200 https://registry.npmjs.org/@babel/helper-validator-identifier/-/helper-validator-identifier-7.28.5.tgz 425ms (cache miss)
1613 http fetch GET 200 https://registry.npmjs.org/get-uri/-/get-uri-6.0.5.tgz 428ms (cache miss)
1614 http fetch GET 200 https://registry.npmjs.org/ast-types/-/ast-types-0.13.4.tgz 436ms (cache miss)
1615 http fetch GET 200 https://registry.npmjs.org/resolve-from/-/resolve-from-4.0.0.tgz 436ms (cache miss)
1616 http fetch GET 200 https://registry.npmjs.org/json-parse-even-better-errors/-/json-parse-even-better-errors-2.3.1.tgz 435ms (cache miss)
1617 http fetch GET 200 https://registry.npmjs.org/pump/-/pump-3.0.4.tgz 435ms (cache miss)
1618 http fetch GET 200 https://registry.npmjs.org/error-ex/-/error-ex-1.3.4.tgz 436ms (cache miss)
1619 http fetch GET 200 https://registry.npmjs.org/parent-module/-/parent-module-1.0.1.tgz 436ms (cache miss)
1620 http fetch GET 200 https://registry.npmjs.org/pac-resolver/-/pac-resolver-7.0.1.tgz 445ms (cache miss)
1621 http fetch GET 200 https://registry.npmjs.org/argparse/-/argparse-2.0.1.tgz 442ms (cache miss)
1622 http fetch GET 200 https://registry.npmjs.org/ms/-/ms-2.1.3.tgz 448ms (cache miss)
1623 http fetch GET 200 https://registry.npmjs.org/yauzl/-/yauzl-2.10.0.tgz 448ms (cache miss)
1624 http fetch GET 200 https://registry.npmjs.org/get-stream/-/get-stream-5.2.0.tgz 448ms (cache miss)
1625 http fetch GET 200 https://registry.npmjs.org/@babel/code-frame/-/code-frame-7.29.0.tgz 451ms (cache miss)
1626 http fetch GET 200 https://registry.npmjs.org/undici-types/-/undici-types-7.19.2.tgz 453ms (cache miss)
1627 http fetch GET 200 https://registry.npmjs.org/import-fresh/-/import-fresh-3.3.1.tgz 465ms (cache miss)
1628 http fetch GET 200 https://registry.npmjs.org/env-paths/-/env-paths-2.2.1.tgz 465ms (cache miss)
1629 http fetch GET 200 https://registry.npmjs.org/mitt/-/mitt-3.0.1.tgz 465ms (cache miss)
1630 http fetch GET 200 https://registry.npmjs.org/parse-json/-/parse-json-5.2.0.tgz 466ms (cache miss)
1631 http fetch GET 200 https://registry.npmjs.org/js-yaml/-/js-yaml-4.1.1.tgz 470ms (cache miss)
1632 http fetch GET 200 https://registry.npmjs.org/tar-fs/-/tar-fs-3.1.2.tgz 481ms (cache miss)
1633 http fetch GET 200 https://registry.npmjs.org/proxy-agent/-/proxy-agent-6.5.0.tgz 484ms (cache miss)
1634 http fetch GET 200 https://registry.npmjs.org/debug/-/debug-4.4.3.tgz 494ms (cache miss)
1635 http fetch GET 200 https://registry.npmjs.org/progress/-/progress-2.0.3.tgz 494ms (cache miss)
1636 http fetch GET 200 https://registry.npmjs.org/typed-query-selector/-/typed-query-selector-2.12.1.tgz 509ms (cache miss)
1637 http fetch GET 200 https://registry.npmjs.org/semver/-/semver-7.7.4.tgz 524ms (cache miss)
1638 http fetch GET 200 https://registry.npmjs.org/yargs/-/yargs-17.7.2.tgz 535ms (cache miss)
1639 http fetch GET 200 https://registry.npmjs.org/cosmiconfig/-/cosmiconfig-9.0.1.tgz 544ms (cache miss)
1640 http fetch GET 200 https://registry.npmjs.org/extract-zip/-/extract-zip-2.0.1.tgz 561ms (cache miss)
1641 http fetch GET 200 https://registry.npmjs.org/balanced-match/-/balanced-match-1.0.2.tgz 560ms (cache miss)
1642 http fetch GET 200 https://registry.npmjs.org/callsites/-/callsites-3.1.0.tgz 562ms (cache miss)
1643 http fetch GET 200 https://registry.npmjs.org/brace-expansion/-/brace-expansion-1.1.14.tgz 561ms (cache miss)
1644 http fetch GET 200 https://registry.npmjs.org/concat-map/-/concat-map-0.0.1.tgz 659ms (cache miss)
1645 http fetch GET 200 https://registry.npmjs.org/whatwg-url/-/whatwg-url-5.0.0.tgz 675ms (cache miss)
1646 http fetch GET 200 https://registry.npmjs.org/path-is-absolute/-/path-is-absolute-1.0.1.tgz 699ms (cache miss)
1647 http fetch GET 200 https://registry.npmjs.org/wrappy/-/wrappy-1.0.2.tgz 700ms (cache miss)
1648 http fetch GET 200 https://registry.npmjs.org/@types/yauzl/-/yauzl-2.10.3.tgz 722ms (cache miss)
1649 http fetch GET 200 https://registry.npmjs.org/once/-/once-1.4.0.tgz 718ms (cache miss)
1650 http fetch GET 200 https://registry.npmjs.org/inherits/-/inherits-2.0.4.tgz 717ms (cache miss)
1651 http fetch GET 200 https://registry.npmjs.org/minimatch/-/minimatch-3.1.5.tgz 719ms (cache miss)
1652 http fetch GET 200 https://registry.npmjs.org/inflight/-/inflight-1.0.6.tgz 725ms (cache miss)
1653 warn deprecated inflight@1.0.6: This module is not supported, and leaks memory. Do not use it. Check out lru-cache if you want a good and tested way to coalesce async requests by a key value, which is much more comprehensive and powerful.
1654 http fetch GET 200 https://registry.npmjs.org/universalify/-/universalify-2.0.1.tgz 747ms (cache miss)
1655 http fetch GET 200 https://registry.npmjs.org/which/-/which-1.3.1.tgz 748ms (cache miss)
1656 http fetch GET 200 https://registry.npmjs.org/jsonfile/-/jsonfile-6.2.0.tgz 748ms (cache miss)
1657 http fetch GET 200 https://registry.npmjs.org/normalize-path/-/normalize-path-3.0.0.tgz 768ms (cache miss)
1658 http fetch GET 200 https://registry.npmjs.org/lodash.difference/-/lodash.difference-4.5.0.tgz 784ms (cache miss)
1659 http fetch GET 200 https://registry.npmjs.org/lodash.flatten/-/lodash.flatten-4.4.0.tgz 784ms (cache miss)
1660 http fetch GET 200 https://registry.npmjs.org/lodash.union/-/lodash.union-4.6.0.tgz 785ms (cache miss)
1661 http fetch GET 200 https://registry.npmjs.org/lodash.isplainobject/-/lodash.isplainobject-4.0.6.tgz 785ms (cache miss)
1662 http fetch GET 200 https://registry.npmjs.org/lodash.defaults/-/lodash.defaults-4.2.0.tgz 785ms (cache miss)
1663 http fetch GET 200 https://registry.npmjs.org/devtools-protocol/-/devtools-protocol-0.0.1595872.tgz 801ms (cache miss)
1664 http fetch GET 200 https://registry.npmjs.org/fs.realpath/-/fs.realpath-1.0.0.tgz 813ms (cache miss)
1665 http fetch GET 200 https://registry.npmjs.org/graceful-fs/-/graceful-fs-4.2.11.tgz 817ms (cache miss)
1666 http fetch GET 200 https://registry.npmjs.org/lazystream/-/lazystream-1.0.1.tgz 818ms (cache miss)
1667 http fetch GET 200 https://registry.npmjs.org/glob/-/glob-7.2.3.tgz 832ms (cache miss)
1668 warn deprecated glob@7.2.3: Old versions of glob are not supported, and contain widely publicized security vulnerabilities, which have been fixed in the current version. Please update. Support for old versions may be purchased (at exorbitant rates) by contacting i@izs.me
1669 http fetch GET 200 https://registry.npmjs.org/readdir-glob/-/readdir-glob-1.1.3.tgz 835ms (cache miss)
1670 http fetch GET 200 https://registry.npmjs.org/buffer-crc32/-/buffer-crc32-0.2.13.tgz 850ms (cache miss)
1671 http fetch GET 200 https://registry.npmjs.org/zip-stream/-/zip-stream-4.1.1.tgz 852ms (cache miss)
1672 http fetch GET 200 https://registry.npmjs.org/tar-stream/-/tar-stream-2.2.0.tgz 853ms (cache miss)
1673 http fetch GET 200 https://registry.npmjs.org/archiver-utils/-/archiver-utils-2.1.0.tgz 853ms (cache miss)
1674 http fetch GET 200 https://registry.npmjs.org/zod/-/zod-3.25.76.tgz 874ms (cache miss)
1675 http fetch GET 200 https://registry.npmjs.org/readable-stream/-/readable-stream-3.6.2.tgz 879ms (cache miss)
1676 http fetch GET 200 https://registry.npmjs.org/node-fetch/-/node-fetch-2.7.0.tgz 896ms (cache miss)
1677 http fetch GET 200 https://registry.npmjs.org/@types/node/-/node-25.6.0.tgz 908ms (cache miss)
1678 http fetch GET 200 https://registry.npmjs.org/unzipper/-/unzipper-0.10.14.tgz 920ms (cache miss)
1679 http fetch GET 200 https://registry.npmjs.org/archiver/-/archiver-5.3.2.tgz 928ms (cache miss)
1680 http fetch GET 200 https://registry.npmjs.org/mime-db/-/mime-db-1.52.0.tgz 929ms (cache miss)
1681 http fetch GET 200 https://registry.npmjs.org/math-intrinsics/-/math-intrinsics-1.1.0.tgz 938ms (cache miss)
1682 http fetch GET 200 https://registry.npmjs.org/node-webpmux/-/node-webpmux-3.1.7.tgz 939ms (cache miss)
1683 http fetch GET 200 https://registry.npmjs.org/mime/-/mime-3.0.0.tgz 944ms (cache miss)
1684 http fetch GET 200 https://registry.npmjs.org/get-proto/-/get-proto-1.0.1.tgz 950ms (cache miss)
1685 http fetch GET 200 https://registry.npmjs.org/es-object-atoms/-/es-object-atoms-1.1.1.tgz 955ms (cache miss)
1686 http fetch GET 200 https://registry.npmjs.org/dunder-proto/-/dunder-proto-1.0.1.tgz 958ms (cache miss)
1687 http fetch GET 200 https://registry.npmjs.org/call-bind-apply-helpers/-/call-bind-apply-helpers-1.0.2.tgz 957ms (cache miss)
1688 http fetch GET 200 https://registry.npmjs.org/es-define-property/-/es-define-property-1.0.1.tgz 972ms (cache miss)
1689 http fetch GET 200 https://registry.npmjs.org/function-bind/-/function-bind-1.1.2.tgz 973ms (cache miss)
1690 http fetch GET 200 https://registry.npmjs.org/has-tostringtag/-/has-tostringtag-1.0.2.tgz 977ms (cache miss)
1691 http fetch GET 200 https://registry.npmjs.org/delayed-stream/-/delayed-stream-1.0.0.tgz 981ms (cache miss)
1692 http fetch GET 200 https://registry.npmjs.org/has-symbols/-/has-symbols-1.1.0.tgz 982ms (cache miss)
1693 http fetch GET 200 https://registry.npmjs.org/proxy-from-env/-/proxy-from-env-2.1.0.tgz 991ms (cache miss)
1694 http fetch GET 200 https://registry.npmjs.org/combined-stream/-/combined-stream-1.0.8.tgz 994ms (cache miss)
1695 http fetch GET 200 https://registry.npmjs.org/follow-redirects/-/follow-redirects-1.16.0.tgz 997ms (cache miss)
1696 http fetch GET 200 https://registry.npmjs.org/mime-types/-/mime-types-2.1.35.tgz 998ms (cache miss)
1697 http fetch GET 200 https://registry.npmjs.org/es-set-tostringtag/-/es-set-tostringtag-2.1.0.tgz 998ms (cache miss)
1698 http fetch GET 200 https://registry.npmjs.org/hasown/-/hasown-2.0.3.tgz 999ms (cache miss)
1699 http fetch GET 200 https://registry.npmjs.org/es-errors/-/es-errors-1.3.0.tgz 1001ms (cache miss)
1700 http fetch GET 200 https://registry.npmjs.org/form-data/-/form-data-4.0.5.tgz 1006ms (cache miss)
1701 http fetch GET 200 https://registry.npmjs.org/get-intrinsic/-/get-intrinsic-1.3.0.tgz 1007ms (cache miss)
1702 http fetch GET 200 https://registry.npmjs.org/string_decoder/-/string_decoder-1.1.1.tgz 1014ms (cache miss)
1703 http fetch GET 200 https://registry.npmjs.org/proxy-from-env/-/proxy-from-env-1.1.0.tgz 1015ms (cache miss)
1704 http fetch GET 200 https://registry.npmjs.org/safe-buffer/-/safe-buffer-5.1.2.tgz 1016ms (cache miss)
1705 http fetch GET 200 https://registry.npmjs.org/gopd/-/gopd-1.2.0.tgz 1017ms (cache miss)
1706 http fetch GET 200 https://registry.npmjs.org/tar-stream/-/tar-stream-3.1.8.tgz 1021ms (cache miss)
1707 http fetch GET 200 https://registry.npmjs.org/string_decoder/-/string_decoder-1.1.1.tgz 1022ms (cache miss)
1708 http fetch GET 200 https://registry.npmjs.org/asynckit/-/asynckit-0.4.0.tgz 1030ms (cache miss)
1709 http fetch GET 200 https://registry.npmjs.org/archiver-utils/-/archiver-utils-3.0.4.tgz 1033ms (cache miss)
1710 http fetch GET 200 https://registry.npmjs.org/minimatch/-/minimatch-5.1.9.tgz 1054ms (cache miss)
1711 http fetch GET 200 https://registry.npmjs.org/brace-expansion/-/brace-expansion-2.1.0.tgz 1054ms (cache miss)
1712 http fetch GET 200 https://registry.npmjs.org/safe-buffer/-/safe-buffer-5.1.2.tgz 1054ms (cache miss)
1713 http fetch GET 200 https://registry.npmjs.org/safe-buffer/-/safe-buffer-5.1.2.tgz 1054ms (cache miss)
1714 http fetch GET 200 https://registry.npmjs.org/safe-buffer/-/safe-buffer-5.1.2.tgz 1054ms (cache miss)
1715 http fetch GET 200 https://registry.npmjs.org/readable-stream/-/readable-stream-2.3.8.tgz 1061ms (cache miss)
1716 http fetch GET 200 https://registry.npmjs.org/readable-stream/-/readable-stream-2.3.8.tgz 1065ms (cache miss)
1717 http fetch GET 200 https://registry.npmjs.org/async/-/async-3.2.6.tgz 1073ms (cache miss)
1718 http fetch GET 200 https://registry.npmjs.org/fs-extra/-/fs-extra-10.1.0.tgz 1074ms (cache miss)
1719 http fetch GET 200 https://registry.npmjs.org/string_decoder/-/string_decoder-1.1.1.tgz 1070ms (cache miss)
1720 http fetch GET 200 https://registry.npmjs.org/qrcode-terminal/-/qrcode-terminal-0.12.0.tgz 1073ms (cache miss)
1721 http fetch GET 200 https://registry.npmjs.org/async/-/async-0.2.10.tgz 1072ms (cache miss)
1722 http fetch GET 200 https://registry.npmjs.org/readable-stream/-/readable-stream-2.3.8.tgz 1074ms (cache miss)
1723 http fetch GET 200 https://registry.npmjs.org/readable-stream/-/readable-stream-2.3.8.tgz 1075ms (cache miss)
1724 http fetch GET 200 https://registry.npmjs.org/puppeteer/-/puppeteer-24.41.0.tgz 1090ms (cache miss)
1725 http fetch GET 200 https://registry.npmjs.org/@puppeteer/browsers/-/browsers-2.13.0.tgz 1120ms (cache miss)
1726 http fetch GET 200 https://registry.npmjs.org/string_decoder/-/string_decoder-1.1.1.tgz 1164ms (cache miss)
1727 http fetch GET 200 https://registry.npmjs.org/axios/-/axios-1.15.0.tgz 1188ms (cache miss)
1728 http fetch GET 200 https://registry.npmjs.org/whatsapp-web.js/-/whatsapp-web.js-1.34.6.tgz 1237ms (cache miss)
1729 http fetch GET 200 https://registry.npmjs.org/@tootallnate/quickjs-emscripten/-/quickjs-emscripten-0.23.0.tgz 1318ms (cache miss)
1730 http fetch GET 200 https://registry.npmjs.org/@pedroslopez/moduleraid/-/moduleraid-5.0.2.tgz 1334ms (cache miss)
1731 http fetch GET 200 https://registry.npmjs.org/chromium-bidi/-/chromium-bidi-14.0.0.tgz 1358ms (cache miss)
1732 http fetch GET 200 https://registry.npmjs.org/fluent-ffmpeg/-/fluent-ffmpeg-2.1.3.tgz 1439ms (cache miss)
1733 warn deprecated fluent-ffmpeg@2.1.3: Package no longer supported. Contact Support at https://www.npmjs.com/support for more info.
1734 http fetch GET 200 https://registry.npmjs.org/puppeteer-core/-/puppeteer-core-24.41.0.tgz 1663ms (cache miss)
1735 info run puppeteer@24.41.0 postinstall node_modules/puppeteer node install.mjs
1736 info run puppeteer@24.41.0 postinstall { code: 0, signal: null }
1737 silly ADD node_modules/process-nextick-args
1738 silly ADD node_modules/isarray
1739 silly ADD node_modules/core-util-is
1740 silly ADD node_modules/crc-32
1741 silly ADD node_modules/crc32-stream
1742 silly ADD node_modules/compress-commons
1743 silly ADD node_modules/pend
1744 silly ADD node_modules/fd-slicer
1745 silly ADD node_modules/color-name
1746 silly ADD node_modules/color-convert
1747 silly ADD node_modules/ansi-styles
1748 silly ADD node_modules/ansi-regex
1749 silly ADD node_modules/is-fullwidth-code-point
1750 silly ADD node_modules/emoji-regex
1751 silly ADD node_modules/wrap-ansi
1752 silly ADD node_modules/strip-ansi
1753 silly ADD node_modules/yargs-parser
1754 silly ADD node_modules/y18n
1755 silly ADD node_modules/string-width
1756 silly ADD node_modules/require-directory
1757 silly ADD node_modules/get-caller-file
1758 silly ADD node_modules/escalade
1759 silly ADD node_modules/cliui
1760 silly ADD node_modules/isexe
1761 silly ADD node_modules/webidl-conversions
1762 silly ADD node_modules/tr46
1763 silly ADD node_modules/minimist
1764 silly ADD node_modules/rimraf
1765 silly ADD node_modules/mkdirp
1766 silly ADD node_modules/traverse
1767 silly ADD node_modules/chainsaw
1768 silly ADD node_modules/buffers
1769 silly ADD node_modules/setimmediate
1770 silly ADD node_modules/listenercount
1771 silly ADD node_modules/fstream
1772 silly ADD node_modules/duplexer2
1773 silly ADD node_modules/duplexer2/node_modules/string_decoder
1774 silly ADD node_modules/duplexer2/node_modules/safe-buffer
1775 silly ADD node_modules/duplexer2/node_modules/readable-stream
1776 silly ADD node_modules/buffer-indexof-polyfill
1777 silly ADD node_modules/bluebird
1778 silly ADD node_modules/binary
1779 silly ADD node_modules/big-integer
1780 silly ADD node_modules/b4a
1781 silly ADD node_modules/ieee754
1782 silly ADD node_modules/base64-js
1783 silly ADD node_modules/buffer
1784 silly ADD node_modules/fs-constants
1785 silly ADD node_modules/bl
1786 silly ADD node_modules/text-decoder
1787 silly ADD node_modules/events-universal
1788 silly ADD node_modules/teex
1789 silly ADD node_modules/streamx
1790 silly ADD node_modules/bare-os
1791 silly ADD node_modules/fast-fifo
1792 silly ADD node_modules/bare-url
1793 silly ADD node_modules/bare-stream
1794 silly ADD node_modules/bare-events
1795 silly ADD node_modules/bare-path
1796 silly ADD node_modules/bare-fs
1797 silly ADD node_modules/safe-buffer
1798 silly ADD node_modules/smart-buffer
1799 silly ADD node_modules/ip-address
1800 silly ADD node_modules/socks
1801 silly ADD node_modules/util-deprecate
1802 silly ADD node_modules/string_decoder
1803 silly ADD node_modules/ws
1804 silly ADD node_modules/webdriver-bidi-protocol
1805 silly ADD node_modules/end-of-stream
1806 silly ADD node_modules/source-map
1807 silly ADD node_modules/esutils
1808 silly ADD node_modules/estraverse
1809 silly ADD node_modules/tslib
1810 silly ADD node_modules/esprima
1811 silly ADD node_modules/escodegen
1812 silly ADD node_modules/ast-types
1813 silly ADD node_modules/netmask
1814 silly ADD node_modules/degenerator
1815 silly ADD node_modules/data-uri-to-buffer
1816 silly ADD node_modules/basic-ftp
1817 silly ADD node_modules/pac-resolver
1818 silly ADD node_modules/get-uri
1819 silly ADD node_modules/@tootallnate/quickjs-emscripten
1820 silly ADD node_modules/socks-proxy-agent
1821 silly ADD node_modules/pac-proxy-agent
1822 silly ADD node_modules/lru-cache
1823 silly ADD node_modules/https-proxy-agent
1824 silly ADD node_modules/http-proxy-agent
1825 silly ADD node_modules/agent-base
1826 silly ADD node_modules/is-arrayish
1827 silly ADD node_modules/picocolors
1828 silly ADD node_modules/js-tokens
1829 silly ADD node_modules/@babel/helper-validator-identifier
1830 silly ADD node_modules/lines-and-columns
1831 silly ADD node_modules/json-parse-even-better-errors
1832 silly ADD node_modules/error-ex
1833 silly ADD node_modules/@babel/code-frame
1834 silly ADD node_modules/callsites
1835 silly ADD node_modules/argparse
1836 silly ADD node_modules/resolve-from
1837 silly ADD node_modules/parent-module
1838 silly ADD node_modules/pump
1839 silly ADD node_modules/undici-types
1840 silly ADD node_modules/@types/node
1841 silly ADD node_modules/yauzl
1842 silly ADD node_modules/get-stream
1843 silly ADD node_modules/@types/yauzl
1844 silly ADD node_modules/ms
1845 silly ADD node_modules/parse-json
1846 silly ADD node_modules/js-yaml
1847 silly ADD node_modules/import-fresh
1848 silly ADD node_modules/env-paths
1849 silly ADD node_modules/zod
1850 silly ADD node_modules/mitt
1851 silly ADD node_modules/yargs
1852 silly ADD node_modules/tar-fs
1853 silly ADD node_modules/tar-fs/node_modules/tar-stream
1854 silly ADD node_modules/semver
1855 silly ADD node_modules/proxy-agent
1856 silly ADD node_modules/proxy-agent/node_modules/proxy-from-env
1857 silly ADD node_modules/progress
1858 silly ADD node_modules/extract-zip
1859 silly ADD node_modules/debug
1860 silly ADD node_modules/typed-query-selector
1861 silly ADD node_modules/puppeteer-core
1862 silly ADD node_modules/cosmiconfig
1863 silly ADD node_modules/devtools-protocol
1864 silly ADD node_modules/chromium-bidi
1865 silly ADD node_modules/@puppeteer/browsers
1866 silly ADD node_modules/whatwg-url
1867 silly ADD node_modules/concat-map
1868 silly ADD node_modules/balanced-match
1869 silly ADD node_modules/brace-expansion
1870 silly ADD node_modules/wrappy
1871 silly ADD node_modules/path-is-absolute
1872 silly ADD node_modules/once
1873 silly ADD node_modules/minimatch
1874 silly ADD node_modules/inherits
1875 silly ADD node_modules/inflight
1876 silly ADD node_modules/fs.realpath
1877 silly ADD node_modules/universalify
1878 silly ADD node_modules/jsonfile
1879 silly ADD node_modules/which
1880 silly ADD node_modules/normalize-path
1881 silly ADD node_modules/lodash.union
1882 silly ADD node_modules/lodash.isplainobject
1883 silly ADD node_modules/lodash.flatten
1884 silly ADD node_modules/lodash.difference
1885 silly ADD node_modules/lodash.defaults
1886 silly ADD node_modules/lazystream
1887 silly ADD node_modules/lazystream/node_modules/string_decoder
1888 silly ADD node_modules/lazystream/node_modules/safe-buffer
1889 silly ADD node_modules/lazystream/node_modules/readable-stream
1890 silly ADD node_modules/graceful-fs
1891 silly ADD node_modules/glob
1892 silly ADD node_modules/zip-stream
1893 silly ADD node_modules/zip-stream/node_modules/archiver-utils
1894 silly ADD node_modules/tar-stream
1895 silly ADD node_modules/readdir-glob
1896 silly ADD node_modules/readdir-glob/node_modules/brace-expansion
1897 silly ADD node_modules/readdir-glob/node_modules/minimatch
1898 silly ADD node_modules/readable-stream
1899 silly ADD node_modules/buffer-crc32
1900 silly ADD node_modules/async
1901 silly ADD node_modules/archiver-utils
1902 silly ADD node_modules/archiver-utils/node_modules/string_decoder
1903 silly ADD node_modules/archiver-utils/node_modules/safe-buffer
1904 silly ADD node_modules/archiver-utils/node_modules/readable-stream
1905 silly ADD node_modules/unzipper
1906 silly ADD node_modules/unzipper/node_modules/string_decoder
1907 silly ADD node_modules/unzipper/node_modules/safe-buffer
1908 silly ADD node_modules/unzipper/node_modules/readable-stream
1909 silly ADD node_modules/puppeteer
1910 silly ADD node_modules/node-webpmux
1911 silly ADD node_modules/node-fetch
1912 silly ADD node_modules/mime
1913 silly ADD node_modules/fs-extra
1914 silly ADD node_modules/fluent-ffmpeg
1915 silly ADD node_modules/fluent-ffmpeg/node_modules/async
1916 silly ADD node_modules/archiver
1917 silly ADD node_modules/@pedroslopez/moduleraid
1918 silly ADD node_modules/mime-db
1919 silly ADD node_modules/dunder-proto
1920 silly ADD node_modules/math-intrinsics
1921 silly ADD node_modules/has-symbols
1922 silly ADD node_modules/gopd
1923 silly ADD node_modules/get-proto
1924 silly ADD node_modules/function-bind
1925 silly ADD node_modules/es-object-atoms
1926 silly ADD node_modules/es-define-property
1927 silly ADD node_modules/call-bind-apply-helpers
1928 silly ADD node_modules/has-tostringtag
1929 silly ADD node_modules/get-intrinsic
1930 silly ADD node_modules/es-errors
1931 silly ADD node_modules/delayed-stream
1932 silly ADD node_modules/mime-types
1933 silly ADD node_modules/hasown
1934 silly ADD node_modules/es-set-tostringtag
1935 silly ADD node_modules/combined-stream
1936 silly ADD node_modules/asynckit
1937 silly ADD node_modules/proxy-from-env
1938 silly ADD node_modules/form-data
1939 silly ADD node_modules/follow-redirects
1940 silly ADD node_modules/whatsapp-web.js
1941 silly ADD node_modules/qrcode-terminal
1942 silly ADD node_modules/axios
1943 verbose cwd /Users/daribay1337icloud.com/legendary-dollop/ai_orchestrator/whatsapp
1944 verbose os Darwin 25.3.0
1945 verbose node v24.13.0
1946 verbose npm  v11.6.2
1947 notice
1947 notice New [33mminor[39m version of npm available! [33m11.6.2[39m -> [34m11.12.1[39m
1947 notice Changelog: [34mhttps://github.com/npm/cli/releases/tag/v11.12.1[39m
1947 notice To update run: [4mnpm install -g npm@11.12.1[24m
1947 notice  { force: true, Symbol(proc-log.meta): true }
1948 verbose exit 0
1949 info ok
